ID,FIRST_NAME,LAST_NAME,EMAIL,GENDER,BIRTHDAY,COUNTRY,CITY
1,Micheil,Clemence,mclemence0@jalbum.net,Male,11/03/1983,RU,Leonidovo
2,Berk,McLemon,bmclemon1@yahoo.com,Genderfluid,03/11/1975,CN,Zhenxi
3,Che,Ceillier,cceillier2@rediff.com,Male,09/04/1964,RU,Marfino
4,Pacorro,Clifford,pclifford3@gnu.org,Male,02/05/2010,ID,Kaduseeng
5,Isaak,Calf,icalf4@pinterest.com,Male,01/11/1999,FR,Asnières-sur-Seine
6,Nicoli,Simmings,nsimmings5@mtv.com,Female,16/12/1986,FR,Montpellier
7,Oneida,Saenz,osaenz6@accuweather.com,Female,27/12/2007,PS,Jīt
8,Glendon,Kerswill,gkerswill7@amazon.co.uk,Non-binary,06/10/2002,CL,Calbuco
9,Lanna,Medlicott,lmedlicott8@issuu.com,Non-binary,26/05/1980,RS,Ljubovija
10,Norby,Beggin,nbeggin9@tamu.edu,,,BA,Puračić
11,Pennie,Cardenosa,pcardenosaa@vk.com,,,CN,Erlangkou
12,Dur,Anfrey,danfreyb@trellian.com,Male,31/01/1996,PH,Maputi
13,Gianna,Nerney,gnerneyc@comsenz.com,Female,03/08/1952,US,Los Angeles
14,Tracey,McFayden,tmcfaydend@wikispaces.com,Male,08/01/1959,IT,Bergamo
15,Fan,Corragan,fcorragane@w3.org,Bigender,23/04/1975,ID,Luti
16,Tremaine,Birkby,tbirkbyf@berkeley.edu,,,ZA,Bethal
17,Nate,Clinkard,nclinkardg@earthlink.net,Male,28/01/2005,CN,Jiading
18,Fredericka,O'Caine,focaineh@i2i.jp,,,BA,Ilići
19,Tomi,Goodday,tgooddayi@blog.com,Female,26/06/1966,PH,Sinacaban
20,Emlynne,Deverock,edeverockj@discuz.net,Female,12/01/1973,CN,Yuanling
21,Marjy,Lyttle,mlyttlek@home.pl,Female,05/06/1951,FR,Bayeux
22,Ralf,MacLucais,rmaclucaisl@networkadvertising.org,Male,17/08/1964,FR,Strasbourg
23,Steward,Finlaison,sfinlaisonm@nifty.com,Male,09/09/1990,RU,Berëzovka
24,Mellisent,Janson,mjansonn@google.de,Female,12/07/2006,ID,Wonopringgo
25,Shanon,Ozelton,sozeltono@google.com.br,Female,17/02/1955,BT,Tsimasham
26,Melany,MacFadzan,mmacfadzanp@springer.com,Female,08/12/1984,ID,Bangil
27,Jasper,Lawless,jlawlessq@fastcompany.com,Bigender,23/10/1965,AL,Armen
28,Ethelin,Mendel,emendelr@unblog.fr,Polygender,25/01/1956,BR,Petrópolis
29,Henri,Gillivrie,,,,DE,Hamburg
30,Viv,Copson,vcopsont@de.vu,Female,03/07/1966,CN,Bozhou
31,Mahala,Lamperd,mlamperdu@patch.com,Female,01/04/2010,RU,Surkhakhi
32,Lynnet,Perllman,lperllmanv@nifty.com,Female,07/10/1986,YE,Al Maḩjal
33,Davon,Gumme,dgummew@a8.net,Genderqueer,20/12/1966,HN,El Suyatal
34,Vanessa,Baker,vbakerx@cafepress.com,Agender,22/05/1978,CN,Shataping
35,Xenia,Byers,xbyersy@nymag.com,Female,22/03/1992,FI,Askainen
36,Colby,Wyvill,cwyvillz@fastcompany.com,,,MM,Thanatpin
37,Cilka,Walkington,cwalkington10@blogger.com,Female,03/10/1964,MX,Emiliano Zapata
38,Arnaldo,Tigner,atigner11@sogou.com,Genderqueer,31/08/2004,CN,Donghai
39,Fanni,Griggs,fgriggs12@paginegialle.it,,,CN,Jiulongshan
40,Sandy,Kabisch,skabisch13@newsvine.com,Female,16/12/1970,PH,Kaytitinga
41,Arron,Hurn,ahurn14@state.gov,Agender,15/04/1963,JP,Kashiwa
42,Lorain,Watterson,lwatterson15@blogspot.com,Female,16/12/1980,GR,Selianítika
43,Manolo,Krysztowczyk,mkrysztowczyk16@icio.us,Male,05/10/1999,NG,Wushishi
44,Sibyl,Hanmore,shanmore17@slate.com,Male,01/08/1986,RU,Sofrino
45,Cordula,Ivanyushin,civanyushin18@reuters.com,Female,30/05/1983,PT,Loures
46,Nelson,Shambroke,nshambroke19@comsenz.com,Agender,04/05/1965,PT,Igreja
47,Shoshanna,Ronan,sronan1a@arstechnica.com,Female,07/03/1973,ID,Tlogosari
48,Larisa,Tordiffe,ltordiffe1b@ehow.com,Female,28/02/1997,PH,Navotas
49,Abbie,Boothebie,aboothebie1c@dion.ne.jp,,,ID,Mendenrejo
50,Melloney,Pavlovic,mpavlovic1d@ow.ly,Female,31/12/1995,BG,Troyan
51,Tremain,Crabb,tcrabb1e@pbs.org,Male,17/12/1962,BF,Koupéla
52,Gertrudis,Waddilove,gwaddilove1f@wikia.com,Female,12/05/1966,CA,Swan Hills
53,Collin,Gilhooly,cgilhooly1g@edublogs.org,Male,12/01/1981,TM,Tagta
54,Hughie,Pinnington,hpinnington1h@bbb.org,Male,24/04/2010,PT,Boucinha
55,Lidia,Coole,lcoole1i@auda.org.au,Female,04/01/1951,RU,Yalkhoy-Mokhk
56,Analiese,Boyn,aboyn1j@linkedin.com,Female,03/05/1966,PH,Burgos
57,Ollie,Fassum,ofassum1k@etsy.com,,,IQ,Rāwandūz
58,Bliss,Huyhton,bhuyhton1l@howstuffworks.com,,,CN,Yanggu
59,Maximilian,Ingray,mingray1m@cisco.com,Male,23/06/1979,CN,Liantan
60,Eldin,Ciabatteri,eciabatteri1n@1und1.de,Male,15/07/1950,PH,Haligue
61,Heda,Dorre,hdorre1o@nsw.gov.au,Female,18/12/1981,RU,Yessentuki
62,Zahara,Aitchinson,zaitchinson1p@comsenz.com,Female,17/08/1994,PH,Maddela
63,Tabby,Lyne,tlyne1q@ted.com,Female,04/12/1986,RU,Star’
64,Hurley,Arrighi,harrighi1r@ehow.com,Male,28/02/1963,CN,Xitianwei
65,Eberhard,Botler,ebotler1s@booking.com,Male,17/11/1994,CN,Wa’eryi
66,Corette,Dounbare,cdounbare1t@hp.com,Female,11/10/1958,CN,Niuzhuang
67,Dionis,McMearty,dmcmearty1u@nature.com,,,PF,Faaone
68,Chiquita,Rotlauf,crotlauf1v@nih.gov,Female,15/05/1954,CL,Pichilemu
69,Phillip,Fisbey,pfisbey1w@discuz.net,Male,30/06/1985,AD,les Escaldes
70,Florenza,Girardeau,fgirardeau1x@bloomberg.com,Female,22/09/1991,HN,Baja Mar
71,Dee dee,Feast,dfeast1y@theglobeandmail.com,Female,02/07/2009,PT,Mó
72,Hildegarde,Nassi,hnassi1z@zimbio.com,,,CN,Kengkou
73,Carolyn,Lomax,clomax20@eventbrite.com,Female,08/03/1956,MK,Crnilište
74,Elita,Meiningen,emeiningen21@wordpress.com,Agender,23/05/1997,PT,Folques
75,Christina,Fetherston,cfetherston22@aboutads.info,,,CN,Yingchun
76,Kelcie,Tuxill,ktuxill23@joomla.org,,,TR,Yeniköy
77,Hank,Iles,hiles24@clickbank.net,Male,10/10/1995,HN,Nuevo Chamelecón
78,Dorey,Longwood,dlongwood25@intel.com,Male,09/12/1984,ID,Pakusari
79,Riordan,Limon,rlimon26@g.co,Male,04/11/1973,RS,Ruma
80,Row,Abrami,rabrami27@amazon.com,Female,04/11/1956,MD,Cocieri
81,Bobbi,Klossmann,bklossmann28@qq.com,Female,14/08/1968,CN,Heping
82,Codi,Benedidick,cbenedidick29@rakuten.co.jp,Male,25/12/1999,DE,Düsseldorf
83,Sella,Skelhorn,sskelhorn2a@ezinearticles.com,Female,01/04/1992,UZ,Uychi
84,Riccardo,Kornilyev,,Male,14/05/1950,CZ,Zabrušany
85,Astra,Girardey,agirardey2c@sfgate.com,Agender,10/04/1994,ID,Krajan
86,Bink,Ingleston,bingleston2d@gnu.org,Male,16/09/2006,AR,El Aguilar
87,Farrell,Keepin,fkeepin2e@uol.com.br,Male,03/03/1996,PT,Estoi
88,Anders,Pentelo,apentelo2f@4shared.com,Male,04/07/1972,SL,Kassiri
89,Paddie,Dalinder,pdalinder2g@symantec.com,Male,30/03/1959,ID,Nanggorak
90,Thedrick,Gaish,tgaish2h@skype.com,,,US,Dallas
91,Ester,Edgeller,eedgeller2i@livejournal.com,Female,05/10/2004,MX,Santa Cecilia
92,Bengt,Blaske,bblaske2j@craigslist.org,Male,11/12/1972,CA,Martensville
93,Rutledge,Millis,rmillis2k@biblegateway.com,Male,17/03/2001,CN,Kouzhen
94,Seumas,Petre,spetre2l@yellowbook.com,Male,24/01/1956,CN,Lengshuijing
95,Denney,Coffin,dcoffin2m@google.com.hk,,,SE,Eslöv
96,Jennifer,Alliberton,jalliberton2n@flickr.com,Female,13/02/1960,CA,Vaudreuil-Dorion
97,Torrin,Winham,twinham2o@earthlink.net,Male,10/12/2007,VN,Yên Lạc
98,Reggie,Bernardo,rbernardo2p@slate.com,Female,11/06/1993,CN,Donghe
99,Felicle,Battrick,fbattrick2q@wordpress.org,Female,18/12/1969,CN,Jiangkou
100,Debor,Hinchcliffe,dhinchcliffe2r@mail.ru,Female,13/09/1974,RU,Korobitsyno
101,Jamison,Starsmeare,jstarsmeare2s@toplist.cz,Male,13/04/1968,FI,Lappajärvi
102,Lammond,Freiburger,lfreiburger2t@tumblr.com,,,ID,Kesamben
103,Rogers,Brickdale,rbrickdale2u@theguardian.com,Male,28/01/1964,BS,Cockburn Town
104,Marthena,Liggens,mliggens2v@usda.gov,Female,14/02/2004,CN,Wulipu
105,Kelsey,Lockier,klockier2w@meetup.com,Female,08/09/1959,PT,Negreiros
106,Staffard,Rozanski,srozanski2x@cbsnews.com,Male,01/08/1996,RU,Iznoski
107,Beitris,Pietersma,bpietersma2y@chronoengine.com,Female,21/09/1952,NL,Delft
108,Etienne,Magner,emagner2z@ftc.gov,Agender,15/11/1985,US,Jackson
109,Cart,De Ambrosi,cdeambrosi30@uiuc.edu,Male,24/05/1997,AF,Khamyāb
110,Carla,Pesterfield,cpesterfield31@flickr.com,Female,13/12/1972,JM,Mt Peto
111,Bertine,Loynton,bloynton32@webnode.com,Female,16/10/1995,NG,Minna
112,Natka,O'Carroll,nocarroll33@indiatimes.com,Polygender,16/08/2008,ID,Sumberejo
113,Petronia,Jago,pjago34@arstechnica.com,Female,27/07/1986,MG,Soanindrariny
114,Cati,O'Hear,cohear35@hhs.gov,Non-binary,19/03/2010,JP,Funaishikawa
115,Kaine,Duplain,kduplain36@nydailynews.com,Male,04/06/2002,CN,Dashi
116,Cammi,Sandwich,csandwich37@ftc.gov,Female,06/07/1988,CN,Qinnan
117,Bartolomeo,Fero,bfero38@fastcompany.com,Male,20/07/1994,FR,Mont-de-Marsan
118,Domenic,Bysshe,dbysshe39@chron.com,Male,05/05/1998,PH,Dicamay
119,Tarah,Lancett,tlancett3a@t-online.de,Female,14/04/1955,PL,Kaliska
120,Lloyd,Humphrys,lhumphrys3b@who.int,Male,11/01/2006,CN,Ducheng
121,Emmanuel,Willarton,ewillarton3c@marketwatch.com,Male,30/04/1950,CN,Touzao
122,Kaylyn,Aireton,kaireton3d@shinystat.com,,,ID,Kebon
123,Danny,Glozman,dglozman3e@flavors.me,Female,18/09/1994,AL,Aranitas
124,Ario,Izzat,aizzat3f@infoseek.co.jp,Male,03/05/1978,RU,Karaidel’
125,Hilton,Kahn,hkahn3g@psu.edu,Male,08/04/1973,ID,Pangkalanbunut
126,Shellie,Friatt,sfriatt3h@nps.gov,Female,05/09/1969,DE,Hamburg Harvestehude
127,Rosa,MacKilroe,,Bigender,29/03/1969,DE,Leipzig
128,Jethro,Lamport,jlamport3j@statcounter.com,Male,29/04/1960,RU,L’govskiy
129,Tom,Willatt,twillatt3k@toplist.cz,Male,01/05/1989,CN,Shiban
130,Rebekkah,Hairs,rhairs3l@un.org,Female,03/04/1955,MX,Ricardo Flores Magon
131,Mal,Zaple,mzaple3m@webnode.com,Agender,10/01/2006,CN,Taiping
132,Nikaniki,Ferrandez,nferrandez3n@aol.com,Non-binary,29/10/1985,US,Boulder
133,Sheridan,Chastan,schastan3o@mysql.com,Male,11/11/2009,CN,Shangcheng Chengguanzhen
134,Syman,Roddy,sroddy3p@mozilla.com,Male,19/06/2007,FR,Chartres
135,Jermaine,Halfhide,jhalfhide3q@oaic.gov.au,,,RU,Seredeyskiy
136,Tildi,Alderwick,talderwick3r@jalbum.net,Female,05/12/1967,BR,Portão
137,Ysabel,Wade,ywade3s@devhub.com,,,ID,Tlatah
138,Debee,Brame,dbrame3t@naver.com,Female,09/11/1969,PL,Ruda-Huta
139,Ronny,Wildgoose,rwildgoose3u@amazon.com,Genderfluid,16/10/1990,CN,Xinning
140,Granny,Magarrell,gmagarrell3v@berkeley.edu,Male,02/03/1991,SE,Norrköping
141,Rafi,Larsen,rlarsen3w@alexa.com,Male,17/10/1969,PL,Głogówek
142,Kerrill,Brickwood,kbrickwood3x@hp.com,Polygender,15/08/2001,TN,Tozeur
143,Marisa,Leavold,mleavold3y@163.com,Female,18/08/1991,US,Honolulu
144,Alfonso,Randle,arandle3z@foxnews.com,Male,28/06/1994,GT,Morazán
145,Saudra,Lillicrap,slillicrap40@nyu.edu,Female,13/06/1990,RS,Inđija
146,Nealy,Whereat,nwhereat41@flavors.me,Male,05/03/1997,CN,Chengbei
147,Panchito,Boyington,pboyington42@google.fr,Male,08/03/1983,RU,Koz’modem’yansk
148,Findley,Durber,fdurber43@ezinearticles.com,Male,16/04/1984,CN,Zhongshan
149,Justino,Bentson,jbentson44@vkontakte.ru,Male,21/05/1996,PH,Laylay
150,Katrina,Baynam,kbaynam45@buzzfeed.com,Female,29/12/1981,CN,Nongba
151,Calida,Dunsford,cdunsford46@upenn.edu,Female,20/04/1998,US,Young America
152,Gawen,Curley,gcurley47@umich.edu,Male,19/03/1971,RU,Kimry
153,Florence,Solloway,fsolloway48@theatlantic.com,Female,06/12/1986,VN,Thị Trấn Ngọc Lặc
154,Aguste,Bayless,abayless49@privacy.gov.au,,,UA,Dniprodzerzhyns’k
155,Nico,Headington,nheadington4a@taobao.com,Male,22/03/1953,CN,Zhendeqiao
156,Brina,Tomei,btomei4b@ucoz.com,Female,23/08/1987,SE,Eskilstuna
157,Kai,Lemmer,klemmer4c@hp.com,Female,06/03/1975,DE,Essen
158,Caryn,Coldrick,ccoldrick4d@mediafire.com,Female,11/05/1979,AF,Herāt
159,Harrison,MacNeilage,hmacneilage4e@wunderground.com,Male,10/05/1972,SO,Dujuuma
160,Edan,Meadus,emeadus4f@blogspot.com,Male,16/12/1954,SE,Göteborg
161,Mollee,Clyne,,Female,23/08/1958,CN,Xiekou
162,Sheff,Beadle,sbeadle4h@springer.com,Male,09/05/2009,PL,Wesoła
163,Sheff,Baugham,sbaugham4i@canalblog.com,Genderfluid,04/03/1963,RU,Beya
164,Salaidh,Swiffen,sswiffen4j@webs.com,Female,31/07/2000,CN,Yankou
165,Alyse,Filyukov,afilyukov4k@pagesperso-orange.fr,Female,15/03/1956,IE,Cavan
166,Alvan,Ockendon,aockendon4l@nationalgeographic.com,Male,12/07/1988,CN,Geshan
167,Lucila,Kuschel,lkuschel4m@geocities.jp,Female,30/04/1978,MA,Imider
168,Nikolas,Bulward,nbulward4n@google.com.au,Male,15/08/1953,FR,Mantes-la-Jolie
169,Reinald,Brymham,rbrymham4o@ifeng.com,Male,15/05/1958,US,Trenton
170,Miquela,Curwood,mcurwood4p@ifeng.com,Female,05/10/2001,CN,Doushaguan
171,Eadith,Vanner,evanner4q@utexas.edu,Female,11/03/1973,LU,Strassen
172,Hy,Shipston,hshipston4r@csmonitor.com,,,PL,Komorów
173,Aveline,Matkin,amatkin4s@yale.edu,Female,16/07/1985,CA,Amos
174,Herby,Horstead,hhorstead4t@4shared.com,Male,17/01/1981,CN,Xunzhong
175,Lewiss,Etridge,letridge4u@google.fr,Male,11/05/1969,NO,Oslo
176,Ulick,Franceschi,ufranceschi4v@europa.eu,Male,27/08/1997,UA,Oleksandriya
177,Elizabeth,Measham,emeasham4w@china.com.cn,Female,28/08/1958,BR,Capão da Canoa
178,Loren,Crennell,lcrennell4x@mac.com,Female,30/05/1961,PH,San Juan
179,Nate,Asals,nasals4y@wisc.edu,Male,14/12/1974,ID,Beaung Tengah
180,Aileen,Girardetti,agirardetti4z@scientificamerican.com,Female,16/08/1997,NI,San Ramón
181,Miguel,Corssen,mcorssen50@huffingtonpost.com,Male,18/07/1966,SV,San Rafael Oriente
182,Anderea,Ashenhurst,aashenhurst51@lycos.com,Female,10/10/1993,CU,Viñales
183,Chiarra,Doel,cdoel52@samsung.com,,,BR,Senador Canedo
184,Willdon,Huchot,whuchot53@salon.com,Male,25/03/1989,JP,Shibukawa
185,Opal,Brolly,obrolly54@tuttocitta.it,Female,10/12/1994,PE,Tomay Kichwa
186,Tildi,Tortice,ttortice55@latimes.com,Female,04/08/1975,PH,Puricay
187,Stormi,Oxshott,soxshott56@psu.edu,Genderfluid,10/11/1994,PH,Tubungan
188,Natka,Rawlin,nrawlin57@zimbio.com,Female,29/01/1970,BR,Porangatu
189,Torin,Le Houx,tlehoux58@aboutads.info,Male,18/02/1983,CN,Sanying
190,Geordie,Bocking,gbocking59@desdev.cn,Male,06/01/1983,CN,Cuozhou
191,Shelly,Link,slink5a@goo.gl,Female,13/04/2000,CN,Lizhai
192,Parke,Van der Kruijs,pvanderkruijs5b@sakura.ne.jp,Male,03/05/1984,PL,Miechów Charsznica
193,Beale,Wardingly,bwardingly5c@china.com.cn,Polygender,27/05/1999,MY,Seremban
194,Rutter,Andrivel,randrivel5d@usa.gov,Male,26/07/1954,CN,Dongle
195,Abramo,Goor,agoor5e@blogtalkradio.com,Male,12/08/1982,SE,Göteborg
196,Ermina,Hoodlass,ehoodlass5f@redcross.org,Female,23/11/1985,UA,Voloka
197,Sander,Try,stry5g@biglobe.ne.jp,Male,20/02/1990,ID,Wasogolo
198,Alecia,Mettricke,amettricke5h@yandex.ru,Female,21/06/1961,CN,Yuanyang Zhen
199,Elset,Syvret,esyvret5i@ehow.com,Female,28/07/1998,CZ,Žleby
200,Janot,Ryle,,Female,09/04/1961,JP,Ino
201,Moise,Lanfear,mlanfear5k@yolasite.com,Male,18/07/1982,ID,Kembang
202,Donella,Goggan,dgoggan5l@sfgate.com,Polygender,07/09/1975,KE,Athi River
203,Man,Jacobovitz,mjacobovitz5m@surveymonkey.com,Male,24/10/1966,FI,Savonranta
204,Lorena,Targe,ltarge5n@livejournal.com,Female,25/03/1959,EE,Kohtla-Järve
205,Flossi,Hawksley,fhawksley5o@jiathis.com,Female,11/12/1993,PE,Llama
206,Lottie,Ivery,livery5p@imgur.com,Female,03/04/1957,ID,Sonder
207,Darlleen,Goves,dgoves5q@mysql.com,Female,29/04/2000,GR,Skópelos
208,Say,Gourlie,sgourlie5r@nydailynews.com,Male,30/08/1969,PH,Cabalaoangan
209,Hastie,MacTrustey,hmactrustey5s@blogger.com,Bigender,23/04/1998,MT,Floriana
210,Oran,Berntsson,oberntsson5t@spotify.com,Male,31/05/1970,RU,Vilya
211,Kort,Tow,ktow5u@t-online.de,Male,20/01/1999,PT,Gonça
212,Kasper,Grunwald,kgrunwald5v@jiathis.com,Male,17/06/1973,CN,Shilong
213,Jo-anne,Costall,jcostall5w@miibeian.gov.cn,,,UA,Stepove
214,Nate,Biford,nbiford5x@livejournal.com,Male,23/10/1956,PG,Tari
215,Trista,Warcup,twarcup5y@fastcompany.com,Female,31/12/1982,RU,Tankhoy
216,Nicola,Oertzen,noertzen5z@networkadvertising.org,,,PT,Vila Nova
217,Rebeca,Maker,rmaker60@facebook.com,Female,02/01/1999,BI,Ruyigi
218,Mollie,Spurrier,mspurrier61@cargocollective.com,,,CN,Xiaping
219,Dex,Trowsdale,dtrowsdale62@mac.com,Male,07/11/1977,RU,Chikola
220,Gennie,Scrivner,gscrivner63@umich.edu,Female,16/03/1963,ID,Tolomango
221,Stacy,Lanphere,slanphere64@wired.com,Female,08/02/2005,PK,Minchinābād
222,Ferdinanda,Heap,fheap65@princeton.edu,Genderfluid,31/07/1973,CN,Yanghong
223,Dory,Domnin,ddomnin66@jalbum.net,Male,12/09/2003,ID,Sumberkindagan
224,Roddie,Goundsy,rgoundsy67@samsung.com,Male,22/01/1951,CN,Yuanyang Zhen
225,Wheeler,Vowels,wvowels68@g.co,,,ID,Kablukan
226,Berta,Tuckey,btuckey69@alexa.com,Female,17/10/2001,CN,Zhongcheng
227,Avie,Buttrey,abuttrey6a@usgs.gov,Female,12/05/2001,CN,Yeyik
228,Andrew,Poulsen,apoulsen6b@drupal.org,Male,07/08/1956,ME,Plužine
229,Zora,Noen,znoen6c@ameblo.jp,Female,30/05/1960,RU,Rumyantsevo
230,Cobbie,Dockery,cdockery6d@alexa.com,Male,26/10/2003,CN,Duntou
231,Beth,Atherley,batherley6e@comsenz.com,Female,11/03/1993,TH,Nam Phong
232,Archer,Bandiera,abandiera6f@woothemes.com,Male,05/09/1958,EG,Dayr Mawās
233,Koo,Kingett,kkingett6g@wikimedia.org,Female,02/12/1961,CN,Gaotieling
234,Nicky,Linnitt,nlinnitt6h@qq.com,Male,08/03/1999,ID,Culeng
235,Johannes,Tomkys,jtomkys6i@ow.ly,,,PL,Barlinek
236,Shoshana,Feldbaum,sfeldbaum6j@hexun.com,Female,27/09/1962,CO,Puerto Santander
237,Cello,Ribeiro,cribeiro6k@so-net.ne.jp,Male,17/02/1994,CN,Hongchang
238,Aldo,Quarton,aquarton6l@linkedin.com,Male,24/09/1990,VE,El Valle del Espíritu Santo
239,Mayne,Hyne,mhyne6m@virginia.edu,Polygender,29/07/1951,PH,Buayan
240,Read,Dunbabin,rdunbabin6n@deviantart.com,Male,15/02/1964,JP,Takedamachi
241,Becca,Gellately,bgellately6o@merriam-webster.com,Female,05/03/1980,FR,Paris La Défense
242,Julina,Ewbanche,jewbanche6p@economist.com,,,PK,Tando Jām
243,Tamra,Flooks,tflooks6q@marriott.com,Female,27/05/1973,CN,Tanshan
244,Harald,Kalker,hkalker6r@ca.gov,Agender,21/06/1953,ID,Jamban
245,Georgine,Caughey,,Female,04/12/1979,HN,Reitoca
246,Dugald,Demangeot,ddemangeot6t@surveymonkey.com,Male,25/10/1955,LU,Mondorf-les-Bains
247,Myrlene,Thouless,mthouless6u@netvibes.com,Female,07/12/1989,ID,Sembungin
248,Fianna,De Giorgis,fdegiorgis6v@addthis.com,Female,11/07/1957,PT,Portela
249,Hugues,McShea,hmcshea6w@oracle.com,Male,11/11/1963,FR,Saint-Denis
250,Urban,Boarleyson,uboarleyson6x@fc2.com,Male,11/12/1954,ID,Karang
251,Barnard,Pallin,bpallin6y@themeforest.net,Male,04/03/1980,CN,Qili
252,Nadeen,Gillingham,ngillingham6z@mail.ru,Female,27/04/1968,CN,Letuyi
253,Augustine,Sinderland,asinderland70@apache.org,Male,23/02/1958,CN,Jinshan
254,Cornall,Copeman,ccopeman71@sourceforge.net,Male,17/09/1965,LV,Kandava
255,Lynne,Redley,lredley72@yale.edu,Bigender,08/06/2006,RU,Lotoshino
256,Verina,Ioselevich,vioselevich73@nba.com,Female,29/10/1990,CN,Changchun
257,Mill,Duffy,mduffy74@seattletimes.com,Male,08/02/1951,FR,Cholet
258,Byran,Flinders,bflinders75@4shared.com,Male,24/02/1980,NO,Oslo
259,Phineas,Kemp,pkemp76@ox.ac.uk,Male,08/01/1997,CN,Yulin
260,Iggie,Bollen,ibollen77@people.com.cn,Polygender,15/01/1960,CN,Longmenfan
261,Honey,Betton,hbetton78@usatoday.com,Female,08/09/1984,CN,Longping
262,Nydia,Cattenach,ncattenach79@timesonline.co.uk,Female,30/01/2003,RU,Semikarakorsk
263,Jacob,Clowes,jclowes7a@nhs.uk,Genderqueer,14/06/1965,CN,Hengshan
264,Cosetta,Larmuth,clarmuth7b@parallels.com,Female,07/01/1972,CN,Dongshangguan
265,Shelba,Dibbin,sdibbin7c@globo.com,,,TH,Huai Yot
266,Rebecka,Coiley,rcoiley7d@webeden.co.uk,,,ID,Prigi
267,Vonny,Rosander,vrosander7e@google.ru,Female,14/11/1967,CO,Acevedo
268,Allin,Valett,avalett7f@sourceforge.net,Male,04/02/1976,PE,Ondores
269,Douglass,Gibling,dgibling7g@w3.org,Male,11/04/1953,CN,Tancheng
270,Piper,Warters,pwarters7h@360.cn,Female,11/07/1986,DK,København
271,York,Spiteri,yspiteri7i@artisteer.com,Polygender,21/08/1965,NI,Chinandega
272,Cosme,Claxton,cclaxton7j@vistaprint.com,Male,03/02/1982,FR,Le Havre
273,Keelby,Reedie,kreedie7k@chicagotribune.com,Male,11/11/1983,NO,Kristiansand S
274,Lorene,Kield,lkield7l@hp.com,Female,25/08/2009,ID,Bondoboghila
275,Betty,Dunbar,bdunbar7m@bloglovin.com,Female,17/05/1989,VN,Thạnh Phú
276,Becky,Farncomb,bfarncomb7n@cargocollective.com,Female,19/07/1982,CN,Nandong
277,Kate,Santi,ksanti7o@ox.ac.uk,,,CN,Xianbao
278,Hurleigh,Janeczek,hjaneczek7p@ihg.com,Male,16/08/1950,ID,Surulangun Rawas
279,Ailee,Klain,,,,CN,Fuzhou
280,Cesare,Lamont,clamont7r@tuttocitta.it,Male,03/02/1986,ID,Mlawe
281,Catina,Rivilis,crivilis7s@scribd.com,Agender,10/11/1951,IR,Jājarm
282,Uriel,Candwell,ucandwell7t@unblog.fr,Male,25/07/2004,CN,Huazhai
283,Meryl,Tippetts,mtippetts7u@mac.com,Male,03/01/1994,PL,Płońsk
284,Marve,Tatam,mtatam7v@tripadvisor.com,Male,31/05/2003,CN,Xiaojiang
285,Yance,Deble,ydeble7w@photobucket.com,Male,24/12/1983,ID,Tarub
286,Casey,Pakes,cpakes7x@va.gov,,,PH,Pio
287,Romona,Corsan,,Female,27/08/1962,CN,Kongjiafang
288,Pauline,Hackelton,phackelton7z@webnode.com,Female,29/05/1973,CN,Dikou
289,Gauthier,O'Keenan,gokeenan80@hao123.com,Male,01/12/1954,ID,Bakung Utara
290,Ellette,Frill,efrill81@issuu.com,Female,26/11/1977,UA,Ulichnoye
291,Angelika,Lambarth,alambarth82@g.co,Female,27/09/1952,PH,La Paz
292,Tailor,Kenright,tkenright83@dagondesign.com,Male,06/10/1995,SE,Uppsala
293,Nickolas,Mickleborough,nmickleborough84@pinterest.com,Male,28/11/1993,BR,Gaspar
294,Derry,Pullan,,Male,18/09/2000,FR,Carcassonne
295,Nappy,Vitler,nvitler86@timesonline.co.uk,Male,21/09/1982,JP,Izumi
296,Sheri,Walls,swalls87@accuweather.com,Female,19/12/1974,BR,Igarapé
297,Anthea,Skydall,askydall88@bing.com,Female,18/06/1975,BY,Masty
298,Paxon,Jerrand,pjerrand89@newyorker.com,Male,10/08/1983,CL,Cochrane
299,Anett,Parzis,aparzis8a@yellowbook.com,Female,06/03/1965,US,Birmingham
300,Horace,Moretto,hmoretto8b@pagesperso-orange.fr,Male,14/06/1983,SE,Eksjö
301,Rockey,Chessman,rchessman8c@virginia.edu,Male,22/07/1989,ID,Oetutulul
302,Reeva,Doman,rdoman8d@paginegialle.it,,,CL,San Javier
303,Milty,Mustard,mmustard8e@quantcast.com,Male,14/08/1982,FR,Saint-Maixent-l'École
304,Ellyn,Dulson,edulson8f@desdev.cn,,,FR,Arpajon
305,Gasper,Lapre,glapre8g@answers.com,Male,25/07/2009,GR,Sísion
306,Blake,Housam,bhousam8h@barnesandnoble.com,Male,22/03/1979,CN,Ninghai
307,Veriee,Kilby,vkilby8i@smugmug.com,,,BR,Mococa
308,Blanche,Bodell,,Female,09/12/1958,MY,Kuala Lumpur
309,Mitch,Aulsford,maulsford8k@constantcontact.com,Male,25/10/1974,AR,Cañada de Gómez
310,Kendall,Purdon,kpurdon8l@webs.com,Male,08/12/1958,FR,Cergy-Pontoise
311,Verina,Lowy,vlowy8m@marriott.com,Female,28/07/1988,CZ,Blučina
312,Ashbey,Scoular,ascoular8n@theguardian.com,Male,22/09/1990,CA,Pickering
313,Leta,Flea,lflea8o@uiuc.edu,Female,28/02/1991,CZ,Ludgeřovice
314,Robbert,Danilevich,rdanilevich8p@nymag.com,Male,09/03/1969,CN,Shuanghe
315,Lorne,Lacroux,llacroux8q@japanpost.jp,Polygender,04/06/1958,PT,Água Retorta
316,Bondie,Musker,,Male,15/08/1957,BD,Nārāyanganj
317,Godart,Merriott,gmerriott8s@indiatimes.com,Male,05/03/1995,RU,Kamenka
318,Rainer,Coddrington,rcoddrington8t@ihg.com,Male,13/07/1953,PT,Viana do Alentejo
319,Cymbre,Acome,cacome8u@rakuten.co.jp,Female,20/05/1970,CN,Leyuan
320,Valentijn,Gilffillan,,Male,22/01/1988,CN,Shazhuang
321,Amie,Prugel,aprugel8w@redcross.org,Female,22/09/1979,NZ,Napier
322,Bing,Haacker,bhaacker8x@tinypic.com,Male,10/02/1985,PE,San Rafael
323,Lorelei,Lowers,llowers8y@goodreads.com,Female,26/04/1998,TH,Lao Suea Kok
324,Teodoro,Lownds,tlownds8z@accuweather.com,Agender,13/06/1984,ID,Banjar Kawan
325,Victoria,Jacop,vjacop90@seesaa.net,Female,06/10/1980,SA,Unaizah
326,Joella,Scrivener,jscrivener91@com.com,,,AR,General Levalle
327,Penn,Goldwater,pgoldwater92@google.co.jp,Male,29/01/1997,GT,Yepocapa
328,Polly,Joerning,pjoerning93@arizona.edu,Female,04/06/1956,ID,Tracal
329,Luciano,Dafydd,ldafydd94@linkedin.com,Male,26/09/1966,CN,Huangpi
330,Rourke,Martygin,rmartygin95@tamu.edu,Male,21/06/1971,BA,Vlasenica
331,Gwenni,Skerman,gskerman96@springer.com,Female,23/10/1977,CN,Situ
332,Fan,Thiolier,fthiolier97@washington.edu,Female,20/08/2007,PL,Wojciechów
333,Janeta,Monck,jmonck98@youtu.be,Bigender,13/02/1986,SE,Stockholm
334,Colas,Mordan,cmordan99@technorati.com,Male,08/05/1965,ID,Margahayu
335,Catarina,Athersmith,cathersmith9a@redcross.org,,,PL,Rudna
336,Jeniffer,Reckless,jreckless9b@intel.com,Polygender,01/06/1958,ID,Mandala
337,Perri,Mucillo,pmucillo9c@weather.com,Female,13/03/2002,AM,Yeghegnut
338,Dulcie,Fleming,dfleming9d@macromedia.com,,,AT,Villach
339,Binnie,Gierck,bgierck9e@imdb.com,Female,08/02/1956,ID,Pangradin Satu
340,Fulvia,Stanbro,fstanbro9f@spiegel.de,Female,06/10/1986,CN,Huacao
341,Dion,Downham,ddownham9g@fc2.com,Polygender,16/08/1986,ID,Sempu
342,Ginnifer,Maccree,gmaccree9h@businessweek.com,Female,18/01/2003,PY,Colonia Catuete
343,Roma,Delacroix,rdelacroix9i@tiny.cc,Male,15/12/1997,FR,Saint-Étienne
344,Julieta,Philippet,jphilippet9j@dedecms.com,Female,08/08/1977,DO,San Cristóbal
345,Cornelia,Iacomettii,ciacomettii9k@4shared.com,,,PE,Marco
346,Stanleigh,Ridehalgh,sridehalgh9l@naver.com,Male,26/03/1989,CU,Abreus
347,Ferrell,Kobisch,fkobisch9m@psu.edu,,,SY,Khān Arnabah
348,Konstance,Chaperling,kchaperling9n@fema.gov,Female,08/12/1957,ID,Sumberarumkrajan
349,Kristos,Statter,kstatter9o@geocities.com,,,CN,Luotuo
350,Sara-ann,Darkin,sdarkin9p@columbia.edu,Female,21/07/1951,CN,Xuri
351,Darell,Spary,dspary9q@xinhuanet.com,,,BW,Mmathubudukwane
352,Dasie,Slegg,dslegg9r@jugem.jp,,,GR,Mandráki
353,Bryna,O'Bradden,bobradden9s@kickstarter.com,,,CD,Kolwezi
354,Justino,Atack,jatack9t@taobao.com,Male,28/10/2001,CN,Dongxin
355,Raychel,Chatenier,rchatenier9u@mlb.com,Female,17/10/1959,CN,Yangzi
356,Mira,Pietrzak,mpietrzak9v@yandex.ru,Female,21/03/1979,BD,Jhingergācha
357,Kara-lynn,Wolfer,kwolfer9w@redcross.org,Female,14/07/1963,FR,Paris 03
358,Madelina,Macklam,mmacklam9x@icq.com,Female,07/11/2005,CN,Xinghua
359,Dalli,Scuffham,dscuffham9y@go.com,Genderfluid,23/04/1962,JP,Kitakami
360,Jinny,Stoppard,jstoppard9z@sourceforge.net,Female,18/07/1970,SV,Berlín
361,Gard,Oliphard,golipharda0@sohu.com,Genderfluid,15/09/1973,ID,Lengkongjaya
362,Marv,Airth,mairtha1@mashable.com,Male,25/08/1951,BR,Ilhabela
363,Gearalt,Hamly,ghamlya2@theguardian.com,Male,25/08/1957,TZ,Songea
364,Wilt,Launchbury,wlaunchburya3@ustream.tv,Male,05/02/1992,UA,Bolhrad
365,Shoshana,East,seasta4@technorati.com,Female,12/12/2003,CZ,Dobratice
366,Bennett,Gludor,bgludora5@comcast.net,Male,11/03/1977,ID,Kebon
367,Hymie,Haddleston,hhaddlestona6@alexa.com,Male,29/11/1973,RU,Kuzovatovo
368,Suzanne,Hulke,shulkea7@cdbaby.com,Female,27/09/1996,CN,Qingshan
369,Benedict,Lawranson,blawransona8@merriam-webster.com,Male,28/11/1992,JP,Shinjō
370,Jaquenetta,Jakobssen,jjakobssena9@w3.org,,,RU,Pospelikha
371,Herbie,Everton,hevertonaa@google.de,Male,04/06/2006,PA,Alcaldedíaz
372,Denni,Hylands,dhylandsab@dell.com,Female,10/05/2002,AR,Deán Funes
373,Juliette,Vennings,jvenningsac@tamu.edu,Female,14/09/1967,CN,Huangduobu
374,Ilyse,Scowcraft,iscowcraftad@desdev.cn,Female,29/07/1984,HR,Labin
375,Inga,Derington,ideringtonae@ucoz.ru,Female,24/10/1971,CN,Mengla
376,Whitney,Bencher,wbencheraf@theguardian.com,Male,03/05/1996,NG,Malumfashi
377,Fiona,Cast,fcastag@list-manage.com,Female,10/11/1992,CN,Harbin
378,Hayden,Jantzen,hjantzenah@xing.com,Male,11/03/1988,EG,Disūq
379,Babbette,Sharram,bsharramai@umich.edu,Female,09/01/2010,CZ,Všemina
380,Avery,Lickess,alickessaj@salon.com,Male,06/06/1961,RU,Yekimovichi
381,Rochester,Dawtrey,rdawtreyak@prweb.com,Male,02/08/1967,PT,Venda do Valador
382,Loren,Dulieu,ldulieual@theatlantic.com,Male,05/05/1960,CN,Manjiang
383,Cassandra,Fryett,cfryettam@sciencedirect.com,Female,06/09/2004,CN,Chengnan
384,Grantley,Planque,gplanquean@google.com.au,Male,18/04/1951,TH,Wang Hin
385,Erl,McConway,emcconwayao@cnbc.com,,,ID,Ngelak
386,Ring,Beese,rbeeseap@g.co,,,CN,Wujian
387,Chic,Chaplin,cchaplinaq@google.es,Male,05/10/1995,CN,Hushi
388,Osborne,Jaffray,ojaffrayar@multiply.com,Male,11/07/1981,CN,Guoxiang
389,Ranique,Thomasson,rthomassonas@deviantart.com,Female,23/01/1962,SE,Umeå
390,Marcel,Ambresin,mambresinat@amazonaws.com,Male,06/05/2010,PH,Upi
391,Latrena,Blennerhassett,lblennerhassettau@youtube.com,Genderfluid,04/06/1986,MN,Tsetsegnuur
392,Darci,Adolfsen,dadolfsenav@infoseek.co.jp,Female,24/09/1989,PH,Tubli
393,Rock,Mizzi,rmizziaw@cloudflare.com,Male,14/04/1961,PK,Nankāna Sāhib
394,Meaghan,Fairbrace,mfairbraceax@xing.com,Female,04/04/1960,ID,Tanjungpati
395,Sarah,Riveles,srivelesay@ebay.com,Female,04/09/1997,PL,Rokiciny
396,Marla,Burchfield,mburchfieldaz@cnet.com,Female,26/07/1995,PH,Dulangan
397,Saundra,O'Shields,soshieldsb0@phpbb.com,Female,21/11/1959,FR,Montauban
398,Tory,Satterthwaite,tsatterthwaiteb1@narod.ru,Female,30/04/1965,CN,Sijing
399,Fidelio,Prendeguest,,Male,03/06/2005,CN,Zhangjiang
400,Noni,Dobney,ndobneyb3@google.it,Female,06/09/1999,PE,Licupis
401,Ray,Standbrook,rstandbrookb4@google.fr,Male,06/02/1997,AL,Kajan
402,Bambie,Alders,baldersb5@nasa.gov,Agender,17/04/1963,PH,Calaba
403,Chrissy,Picopp,cpicoppb6@bluehost.com,Male,08/12/2010,CN,Jiaokou
404,Jobi,Horstead,jhorsteadb7@oracle.com,Female,08/02/1987,FR,Sophia Antipolis
405,Hallsy,Cleaves,hcleavesb8@naver.com,Male,03/06/1954,CN,Xinjia
406,Salli,Vidloc,svidlocb9@skyrock.com,Female,04/05/2007,MX,El Mirador
407,Roland,Floch,rflochba@lulu.com,Male,18/11/1978,ID,Lamalewo
408,Kayla,Scamp,kscampbb@seattletimes.com,Female,16/09/1958,FR,Paris 05
409,Kaila,MacRory,kmacrorybc@feedburner.com,Agender,07/05/2001,JP,Noshiro
410,Vida,Nother,vnotherbd@slate.com,Female,19/09/2007,US,New York City
411,Sunny,Curmi,scurmibe@lycos.com,Male,27/11/1964,ID,Jenang Selatan
412,Chariot,Dorr,cdorrbf@hc360.com,Male,10/04/1996,CZ,Kladno
413,Kayle,Pinches,kpinchesbg@va.gov,Female,31/05/1959,PE,Maranura
414,Tessi,Askey,taskeybh@ca.gov,Female,18/12/1975,VN,Xuân Trường
415,Lonna,Eke,lekebi@yahoo.com,,,CA,Plessisville
416,Fulvia,Walcher,fwalcherbj@wp.com,Bigender,08/10/1996,CN,Zhanbei
417,Hedwiga,Bannell,hbannellbk@cisco.com,Female,24/06/2000,CN,Jiancha
418,Zachariah,Martynka,zmartynkabl@amazonaws.com,Male,18/06/1989,CN,Chishui
419,Lothario,Lacelett,llacelettbm@newsvine.com,Male,02/12/1975,BG,Kaloyanovo
420,Tybie,Kosel,tkoselbn@ca.gov,Female,15/08/1954,ID,Dadapan
421,Emmery,Van Arsdall,evanarsdallbo@g.co,Male,08/09/2009,GR,Skalánion
422,Bradan,Slark,bslarkbp@jimdo.com,Male,10/03/1969,ES,Valencia
423,Kris,Sleight,ksleightbq@delicious.com,Male,15/01/1962,EC,La Maná
424,Angeline,Tuley,atuleybr@unc.edu,Genderfluid,09/10/1996,CN,Jinglou
425,Natty,Apdell,napdellbs@discovery.com,Male,20/11/1953,ID,Kadukaung
426,Charlotte,McConnachie,cmcconnachiebt@mac.com,Female,08/10/1984,PL,Wojsławice
427,Berti,Sessions,bsessionsbu@newsvine.com,Male,09/08/1975,CN,Liaonan
428,Henrietta,Bessett,hbessettbv@home.pl,Female,05/06/1983,RU,Itatskiy
429,Cathee,Hunnable,chunnablebw@washingtonpost.com,Female,19/06/1973,RU,Spasskoye-Lutovinovo
430,Francyne,McIlreavy,fmcilreavybx@uol.com.br,Female,02/05/2006,RU,Donetsk
431,Forester,Imlin,fimlinby@hugedomains.com,Male,04/01/2001,CN,Yongxing Chengguanzhen
432,Christy,Strathdee,cstrathdeebz@youtu.be,,,RU,Chelbasskaya
433,Annora,Guppey,aguppeyc0@cam.ac.uk,Female,24/04/1963,ZA,Peddie
434,Jacintha,Goodburn,jgoodburnc1@cocolog-nifty.com,,,ID,Bucu Kidul
435,Edgardo,Witcher,ewitcherc2@cyberchimps.com,,,ID,Krajan Puger Wetan
436,Shannon,Coughlan,scoughlanc3@etsy.com,Male,12/09/1986,KR,Cheonan
437,Beverlie,Yurasov,byurasovc4@mit.edu,Female,17/05/1969,CO,Riofrío
438,Francois,Ballard,fballardc5@salon.com,Male,15/05/1965,CN,Maji
439,Simone,O'Cullinane,socullinanec6@businesswire.com,Female,29/11/1982,BR,Carpina
440,Gaelan,Guiton,gguitonc7@themeforest.net,Male,27/03/1963,PH,General Emilio Aguinaldo
441,Kimberlyn,Kimbury,kkimburyc8@purevolume.com,Female,03/11/1962,UA,Kiev
442,Bidget,Muriel,bmurielc9@dailymotion.com,Genderfluid,15/02/1976,CA,Dollard-Des Ormeaux
443,Kendre,Troman,ktromanca@wiley.com,Female,30/07/2006,CN,Yanghong
444,Annabell,Bruggeman,abruggemancb@cdc.gov,Female,29/11/1978,MT,Ta’ Xbiex
445,Connor,O'Neil,coneilcc@blog.com,Male,15/03/1999,CA,Wolfville
446,Alicia,Morillas,amorillascd@si.edu,Female,26/07/1996,PH,Tayasan
447,Adan,Foy,afoyce@patch.com,Female,08/11/1966,ID,Warugunung
448,Teodorico,Berge,tbergecf@house.gov,,,LU,Eschweiler
449,Janenna,Harner,,Genderfluid,12/07/1981,MN,Bayanhoshuu
450,Cori,Tunuy,ctunuych@blogtalkradio.com,Female,07/01/1951,BR,Marialva
451,Atalanta,Blissett,ablissettci@diigo.com,Female,02/07/1973,US,Scranton
452,Arabele,Martinelli,amartinellicj@mediafire.com,Female,22/12/1965,FI,Lappeenranta
453,Tulley,Chisnall,tchisnallck@google.ru,,,SE,Falkenberg
454,Morna,Farenden,mfarendencl@yellowpages.com,Female,22/08/1998,BO,Camatindi
455,Ephrem,Buggy,ebuggycm@naver.com,Male,21/05/1971,CN,Gaokan
456,Tanner,Kinghorne,tkinghornecn@paginegialle.it,Male,17/07/1973,CN,Yingwusitang
457,Antonella,Sharrem,asharremco@salon.com,,,PH,Bilao
458,Dante,Surgener,dsurgenercp@51.la,,,CN,Lieqiao
459,Sophey,Dealey,sdealeycq@fema.gov,Female,10/01/1997,LT,Prienai
460,Justinian,Rickword,jrickwordcr@ucla.edu,,,CO,Fonseca
461,Fredek,Arzu,farzucs@is.gd,Male,20/11/1972,IR,Kāshmar
462,Lyman,Dowding,ldowdingct@51.la,Male,13/01/1958,BR,Espera Feliz
463,Beret,Denyagin,bdenyagincu@princeton.edu,Female,12/03/1971,ID,Secang Barat
464,Puff,Weld,pweldcv@china.com.cn,Male,29/07/1980,PT,Lameiras
465,Jessica,Malia,jmaliacw@ibm.com,Female,18/09/1975,US,Independence
466,Adelheid,Goracci,agoraccicx@topsy.com,Female,16/10/1952,ID,Sangkalputung
467,Cassius,MacNeill,cmacneillcy@slashdot.org,,,PH,Dahay
468,Gauthier,Reuble,greublecz@japanpost.jp,Male,18/11/1982,UA,Brody
469,Helaine,Lott,hlottd0@bloglovin.com,Female,29/09/1995,CN,Hengqu
470,Matty,McInnes,mmcinnesd1@acquirethisname.com,Non-binary,16/10/1985,EG,Naj‘ Ḩammādī
471,Coreen,Wedmore,cwedmored2@yandex.ru,,,CA,Brampton
472,Norry,Cathesyed,ncathesyedd3@vkontakte.ru,Female,19/11/1968,ID,Sukorejo
473,Maisey,Swinglehurst,mswinglehurstd4@jiathis.com,Female,01/08/1957,CN,Fuliang
474,Glenda,Votier,gvotierd5@multiply.com,Female,24/04/1979,BR,Osório
475,Bev,Millgate,bmillgated6@uiuc.edu,Male,11/03/1970,JP,Tomigusuku
476,Leslie,Barens,lbarensd7@sfgate.com,Female,05/04/1965,MA,Tazemmourt
477,Pamela,Beardshall,pbeardshalld8@ca.gov,Female,20/06/1952,IE,Skerries
478,Andrej,Winsbury,awinsburyd9@examiner.com,,,ZA,Dordrecht
479,Reg,Cullivan,rcullivanda@baidu.com,Male,25/11/2003,PT,Calvão
480,Dalston,Shapera,dshaperadb@elegantthemes.com,Male,28/10/1965,BA,Vlasenica
481,Kristine,Lowmass,klowmassdc@ocn.ne.jp,Bigender,08/01/1978,CN,Mazongling
482,Horatia,Aves,havesdd@imgur.com,Female,10/05/1968,CN,Junkou
483,Nikolai,Bapty,nbaptyde@archive.org,Non-binary,26/02/1959,CN,Zhangqing
484,Andee,Gustus,agustusdf@myspace.com,,,ID,Mliwang
485,Ashlie,Lawfull,alawfulldg@about.com,,,NI,Moyogalpa
486,Kincaid,Doggart,kdoggartdh@home.pl,Male,04/11/2004,PE,Cabanilla
487,Homerus,Dews,hdewsdi@psu.edu,Male,03/09/1981,CZ,Šluknov
488,Alisha,Monan,amonandj@imdb.com,Female,25/02/1988,CR,Bejuco
489,Sasha,Thaine,sthainedk@amazon.co.uk,Female,17/06/1986,CA,Midland
490,Deina,Hintze,dhintzedl@army.mil,Non-binary,31/08/1960,LY,Murzuq
491,Cristionna,Werendell,cwerendelldm@google.com.br,Female,17/11/1960,EC,La Maná
492,Stefa,Douthwaite,sdouthwaitedn@berkeley.edu,Female,24/12/1987,UA,Gaspra
493,Orin,Domleo,odomleodo@miibeian.gov.cn,Male,26/07/1992,CZ,Holýšov
494,Florance,Torregiani,ftorregianidp@sohu.com,Female,15/01/2008,EG,Dayr Mawās
495,Thedrick,Heimes,theimesdq@apple.com,Male,18/12/1990,PL,Ryczywół
496,Reena,Skinner,,Female,16/06/1983,PH,Kaytitinga
497,Beverley,Driver,bdriverds@irs.gov,Female,27/05/1969,MX,Lindavista
498,Shela,Newlands,snewlandsdt@elpais.com,Female,11/01/1995,NI,Las Sabanas
499,Germaine,Le Hucquet,glehucquetdu@thetimes.co.uk,Female,22/06/1955,FR,Strasbourg
500,Giovanna,Gouldeby,ggouldebydv@skyrock.com,Polygender,04/08/2005,PL,Świdwin
501,Alberik,Cleever,acleeverdw@cnbc.com,Male,08/03/2001,PT,Sabugueiro
502,Neddie,Mixture,nmixturedx@dedecms.com,Male,20/07/1965,PH,Songculan
503,Trenton,Klyner,tklynerdy@youtu.be,Male,27/12/2008,UA,Krasnoarmiys’k
504,Grier,MacAnespie,gmacanespiedz@geocities.com,Female,27/08/1969,US,Johnson City
505,Kaia,Beadnall,kbeadnalle0@discuz.net,Female,01/07/1952,CN,Hezhai
506,Sid,Blissett,sblissette1@army.mil,Male,03/11/2008,DE,München
507,Fredi,Tarbert,ftarberte2@cam.ac.uk,,,CN,Xiyang
508,Leigh,Nehl,lnehle3@typepad.com,Female,16/07/2008,AO,Nzeto
509,Carey,O'Riordan,coriordane4@themeforest.net,Female,12/04/2008,CN,Gaoping
510,Tobi,Verey,tvereye5@zdnet.com,Female,24/01/1996,ML,Goundam
511,Samaria,Frise,sfrisee6@cisco.com,,,CN,Pailou
512,Jandy,Kubista,jkubistae7@over-blog.com,Female,20/05/1971,TH,Lao Suea Kok
513,Jesse,Fawlks,jfawlkse8@ow.ly,Female,27/06/2003,UA,Druzhba
514,Germayne,Kington,gkingtone9@ft.com,Male,10/01/1962,SA,Ţubarjal
515,Ross,Isaak,risaakea@prlog.org,Male,25/02/1959,ID,Pasirgaru
516,Creigh,Champain,cchampaineb@blinklist.com,Male,26/01/1958,MW,Kasungu
517,Elva,Wilcher,ewilcherec@chron.com,Female,31/07/1985,AM,Jrashen
518,Meridith,Fice,mficeed@people.com.cn,Female,07/12/2006,BR,Guaíra
519,Harrison,Melbert,hmelbertee@prweb.com,Male,30/01/1958,JO,Zarqa
520,Agace,Quadrio,aquadrioef@disqus.com,Female,09/06/1967,ID,Cibeureum Kidul
521,Zilvia,Kernell,zkernelleg@mayoclinic.com,Female,21/03/1980,ID,Tawun
522,Emlyn,Rillstone,erillstoneeh@shop-pro.jp,Female,01/11/1974,KR,Imsil
523,Kaitlynn,Battabee,kbattabeeei@narod.ru,Female,25/09/1980,TH,Bang Klam
524,Mikkel,Lehrer,mlehrerej@seesaa.net,Male,06/05/2004,PH,Bañga
525,Rafi,Solan,rsolanek@gizmodo.com,Male,02/06/1995,VE,Santa María de Ipire
526,Gertrudis,Kleinert,gkleinertel@marriott.com,Female,10/03/1961,PH,Santisimo Rosario
527,Mill,Wolffers,mwolffersem@creativecommons.org,Male,19/08/1997,IE,Kilkenny
528,Kelwin,Owtram,kowtramen@pagesperso-orange.fr,Male,09/02/1964,CR,Sámara
529,Sterling,Fabb,sfabbeo@state.gov,,,SE,Solna
530,Stanislaw,Chatelet,schateletep@boston.com,Male,04/04/1963,CN,Zhongshanmen
531,Christiano,Fitzgerald,cfitzgeraldeq@youku.com,Male,21/12/2003,JP,Omigawa
532,Yasmeen,Mattersley,ymattersleyer@wiley.com,Female,25/06/1988,UZ,Navoiy
533,Pren,Gelsthorpe,pgelsthorpees@cocolog-nifty.com,Agender,03/03/1981,ID,Sumberbaru
534,Osborne,Woolstenholmes,owoolstenholmeset@fda.gov,Male,16/08/1978,ID,Sidaurip
535,Abbie,Barnhart,abarnharteu@fema.gov,Male,24/12/1978,ID,Padasuka
536,Deeann,Yarham,dyarhamev@kickstarter.com,Female,16/01/2004,BR,São José de Ribamar
537,Mignon,Simecek,msimecekew@telegraph.co.uk,Female,24/05/1997,ID,Kanginan
538,Wilmette,Lorman,wlormanex@indiatimes.com,Female,13/06/1998,FR,Nantes
539,Sigfried,Mordin,smordiney@g.co,Male,06/09/1956,XK,Mitrovicë
540,Liam,LeEstut,lleestutez@stumbleupon.com,Male,10/06/1980,PK,Sakrand
541,Biron,Dalwood,bdalwoodf0@stumbleupon.com,Male,06/05/1992,PS,Ya‘bad
542,Winny,Elwill,welwillf1@washington.edu,Female,03/07/2005,AR,General La Madrid
543,Joice,Weafer,jweaferf2@goodreads.com,Female,28/07/1991,CN,Huoli
544,Domenico,Widdocks,dwiddocksf3@imdb.com,Male,11/05/1965,BR,Monte Carmelo
545,Merilee,Desson,mdessonf4@yolasite.com,Female,08/07/1959,RU,Yerofey Pavlovich
546,Sophey,Bowshire,sbowshiref5@163.com,Female,29/07/1990,GT,Pastores
547,Hinze,Simonard,hsimonardf6@paypal.com,Male,14/06/1972,PT,Arnelas
548,Hervey,Philpott,hphilpottf7@indiegogo.com,,,FR,Roissy Charles-de-Gaulle
549,Kelby,Walkinshaw,kwalkinshawf8@biblegateway.com,Male,19/12/2010,SE,Stenungsund
550,Nickola,Allenby,nallenbyf9@amazon.co.uk,,,DK,København
551,Louis,Whate,lwhatefa@booking.com,Male,10/02/1997,MX,San Francisco
552,Maddy,Leggott,mleggottfb@gizmodo.com,Male,13/09/1983,ID,Dukuhbadag
553,Deanne,Chattoe,dchattoefc@unesco.org,,,BR,Frederico Westphalen
554,Glori,Schoolcroft,gschoolcroftfd@youtu.be,Female,08/03/2008,CN,Xuancheng
555,Kipper,Scobbie,kscobbiefe@webs.com,Male,13/10/1965,CN,Pingshanhu
556,Hew,Standish-Brooks,hstandishbrooksff@cornell.edu,Male,06/05/1959,ID,Kimakamak
557,Lorrie,Tustin,ltustinfg@godaddy.com,Polygender,03/11/1989,GR,Periyiáli
558,Deena,Gareisr,dgareisrfh@yahoo.co.jp,Female,27/06/2004,US,Joliet
559,Emery,Wallen,ewallenfi@newsvine.com,Male,19/02/2001,GR,Oinoússes
560,Pegeen,Pallis,,Female,04/05/1995,CN,Shazhou
561,Craggie,Sansun,csansunfk@wunderground.com,Male,27/02/1978,BR,São Domingos do Maranhão
562,Rodolfo,Vint,rvintfl@instagram.com,Male,19/10/1984,CN,Hongqi
563,Dewain,Bootherstone,dbootherstonefm@xrea.com,Male,10/12/1979,CN,Hebian
564,Kelly,Kinver,kkinverfn@wisc.edu,Male,30/11/1990,CN,Jinsha
565,Julina,Loins,jloinsfo@hubpages.com,Female,23/05/1980,TH,Mueang Phuket
566,Rose,Soule,rsoulefp@salon.com,Female,21/06/1986,CN,Limen
567,Wiatt,Howsan,,Male,30/07/2001,JP,Tsu-shi
568,Carolyn,Files,cfilesfr@qq.com,Female,18/01/1988,YE,Az Zāhir
569,Hurlee,Stadden,hstaddenfs@ow.ly,,,CN,Zhaike
570,Carlynn,Presshaugh,cpresshaughft@odnoklassniki.ru,Female,28/12/1996,CN,Yuping
571,Coraline,Grayland,cgraylandfu@sourceforge.net,Female,02/03/1961,ID,Beaung Tengah
572,Misti,Pecha,mpechafv@nymag.com,Female,31/01/2008,UA,Kovel’
573,Knox,Hampe,khampefw@slate.com,,,PW,Ngetkib
574,Kristine,Brookhouse,kbrookhousefx@microsoft.com,Female,11/09/1953,FR,Millau
575,Shermy,Wyld,swyldfy@gov.uk,Male,05/03/1972,ID,Kurnia
576,Vaclav,Sherington,vsheringtonfz@aol.com,Non-binary,31/01/1972,GH,Mamponteng
577,Cliff,Kielt,ckieltg0@weebly.com,,,CN,Nanxinxiang
578,Sanson,Davydkov,sdavydkovg1@nsw.gov.au,Male,19/10/2003,BW,Kang
579,Abra,Lehmann,alehmanng2@businesswire.com,Female,20/02/2004,CN,Yangzhuang
580,Robbie,Penson,rpensong3@gravatar.com,Male,01/09/2004,RU,Perovo
581,Lola,Wyllcock,lwyllcockg4@geocities.com,Female,17/07/1986,CU,Río Guayabal de Yateras
582,Ethelred,De Laspee,edelaspeeg5@cam.ac.uk,Genderfluid,12/10/1979,PL,Dębnica Kaszubska
583,Em,Padwick,epadwickg6@ucoz.com,Male,10/04/1973,YE,Banī an Nahārī
584,Emmye,Whipp,ewhippg7@prnewswire.com,Female,18/09/1985,UA,Fastiv
585,Clare,Sparshett,csparshettg8@multiply.com,Female,29/07/1977,PH,Luisiana
586,Durante,Stent,dstentg9@mashable.com,Male,18/03/2007,KP,Hyesan-dong
587,Hailey,Piotrowski,hpiotrowskiga@webnode.com,Male,16/04/1950,SI,Zgornje Bitnje
588,Milty,Craft,mcraftgb@hibu.com,Male,11/06/1979,CA,Rivière-du-Loup
589,Dicky,McGeneay,dmcgeneaygc@toplist.cz,Male,02/06/2009,CO,Ayapel
590,Meriel,Motherwell,mmotherwellgd@sphinn.com,Female,06/02/1969,BF,Fada N'gourma
591,Marylee,Petrashkov,mpetrashkovge@jugem.jp,Female,14/02/1994,BR,Morada Nova
592,Felizio,Mineghelli,fmineghelligf@epa.gov,Genderqueer,15/09/1995,SE,Vetlanda
593,Petronella,Emmot,pemmotgg@google.es,Female,14/04/2010,UA,Tyvriv
594,Tadd,McDavid,tmcdavidgh@senate.gov,Male,09/05/1955,ID,Kertayuga
595,Emanuel,Schultheiss,eschultheissgi@disqus.com,Genderfluid,22/10/1989,BG,Tervel
596,Yancy,Nation,ynationgj@dailymotion.com,Male,22/07/1989,FR,La Plaine-Saint-Denis
597,Gwenore,Mylan,gmylangk@addtoany.com,,,JP,Kiryū
598,Minnie,Baraclough,mbaracloughgl@wufoo.com,Female,15/04/2000,ID,Korogan Timur
599,Loise,Stevani,lstevanigm@arstechnica.com,Female,22/06/1972,ID,Tuatuka
600,Thayne,Hoodless,thoodlessgn@shareasale.com,Male,26/08/1968,CN,Maoping
601,Steffi,Gogarty,sgogartygo@cpanel.net,,,PH,Unidad
602,Gabie,Stayte,gstaytegp@wsj.com,Male,01/11/1980,CR,Pital
603,Nelli,Agass,nagassgq@jiathis.com,Non-binary,26/12/2010,PT,Vila Verde
604,Cliff,Morrowe,cmorrowegr@sourceforge.net,Male,29/03/1950,KP,P’yŏngsŏng
605,Marlin,Rapson,mrapsongs@cbslocal.com,Male,17/04/1993,RU,Partizansk
606,Thebault,Stanbro,tstanbrogt@bizjournals.com,Male,15/07/2001,SE,Uppsala
607,Kele,Warde,kwardegu@toplist.cz,Male,11/06/1984,CU,Palmira
608,Mareah,Pigott,mpigottgv@mac.com,Female,30/11/2006,CN,Anhua Daying
609,Eddie,Jouanot,ejouanotgw@ameblo.jp,,,CN,Qulai
610,Barnabas,Zanneli,bzanneligx@newsvine.com,,,GN,Labé
611,Vaughn,Ebden,vebdengy@biglobe.ne.jp,,,NG,Shinkafe
612,Andres,Lube,alubegz@163.com,Male,27/06/1996,ES,Toledo
613,Ad,Egginson,aegginsonh0@microsoft.com,Male,26/01/1963,CN,Puqi
614,Eleanor,Lestor,elestorh1@lycos.com,Female,06/03/2005,CN,Jiaoxie
615,Mirabelle,Jerisch,mjerischh2@networkadvertising.org,Female,28/04/1955,PL,Radzyń Chełmiński
616,Agnesse,Caskey,acaskeyh3@reference.com,Female,29/10/2001,BR,São Pedro
617,Ester,Deroche,ederocheh4@skyrock.com,Female,12/05/1957,ID,Kenarilang
618,Herc,Grunson,hgrunsonh5@bigcartel.com,Male,01/06/1973,PT,Alvito
619,Greg,Bohey,gboheyh6@google.pl,Male,16/11/1956,ZA,Musina
620,Hermia,Caro,hcaroh7@weebly.com,Bigender,11/08/1990,IQ,Al Başrah
621,Harris,Cusworth,hcusworthh8@taobao.com,Polygender,30/12/1967,PS,Azun Atme
622,Hammad,Oolahan,hoolahanh9@tiny.cc,Male,30/03/1971,AM,Parravak’ar
623,Leonora,Cloney,lcloneyha@technorati.com,Female,23/11/1978,VN,Thị Trấn Phong Thổ
624,Dorree,Ivanisov,divanisovhb@google.es,Female,28/02/2003,CN,Xinyi
625,Nataniel,Pauleit,npauleithc@utexas.edu,Male,11/01/1969,CN,Baikui
626,Sabine,Klawi,sklawihd@icq.com,Female,28/02/1963,ID,Tamansari
627,Ellette,Westmarland,ewestmarlandhe@huffingtonpost.com,Female,11/03/1956,BS,Abraham’s Bay
628,Demetre,Smaridge,dsmaridgehf@oracle.com,,,US,Omaha
629,Maurie,Klesl,mkleslhg@craigslist.org,Male,07/04/1952,MY,Alor Setar
630,Nanni,Keatley,nkeatleyhh@spiegel.de,Female,20/08/1977,ID,Klumpit
631,Aveline,Tripcony,atripconyhi@wix.com,Female,26/08/1966,RU,Miasskoye
632,Yardley,Behning,ybehninghj@umich.edu,Male,13/11/1966,AR,Tres Arroyos
633,Laney,Gerald,lgeraldhk@godaddy.com,Male,21/04/1956,GR,Kilkís
634,Fleur,Filan,ffilanhl@feedburner.com,Female,11/08/1979,ET,Shambu
635,Anne,Quenell,aquenellhm@oaic.gov.au,Female,17/08/1999,RU,Tarbagatay
636,Corny,Menghi,cmenghihn@discovery.com,Female,23/12/1983,IE,Rathdrum
637,Reuben,Boodell,rboodellho@upenn.edu,Male,27/12/1957,KR,Andong
638,Robinson,Salkild,rsalkildhp@t.co,Male,03/08/1969,UG,Budaka
639,Minetta,Peizer,,Female,19/06/1959,CN,Yanjiang
640,Archibald,Fransseni,afranssenihr@cafepress.com,Male,25/06/1957,PT,Lagos da Beira
641,Sharl,Murrock,smurrockhs@marketwatch.com,Female,25/06/1965,PH,Tolosa
642,Mariette,Vasilkov,mvasilkovht@telegraph.co.uk,Female,12/06/1995,CY,Ágios Týchon
643,Gusta,Innerstone,ginnerstonehu@flickr.com,Female,22/03/1963,CN,Maji
644,Berne,Lodwick,,Male,22/01/1963,JP,Ōsaka-shi
645,Tania,Cardenosa,tcardenosahw@yahoo.com,Female,07/05/1969,NG,Afikpo
646,Cart,Edmonson,cedmonsonhx@state.gov,Agender,13/10/1951,CZ,Sezemice
647,Bradly,Gurery,bgureryhy@1und1.de,Male,16/10/2008,CA,Antigonish
648,Reina,Merriott,rmerriotthz@cisco.com,,,TN,Radès
649,Phyllys,Dondon,pdondoni0@webeden.co.uk,,,MX,Tierra y Libertad
650,Emeline,Barks,ebarksi1@shareasale.com,Female,19/02/2001,CN,Huangbao
651,Magdalene,Stolze,mstolzei2@multiply.com,Female,06/03/1972,MY,Kuala Lumpur
652,Aurelie,Pantling,apantlingi3@unblog.fr,Female,17/08/1985,PT,Bertelhe
653,Wright,Mandeville,wmandevillei4@ibm.com,Male,02/09/1998,CN,Shihuiqiao
654,Doug,Sallings,dsallingsi5@flavors.me,Male,21/09/2009,ID,Krajan
655,Vivia,Schmidt,vschmidti6@taobao.com,Female,17/01/1988,CA,East Angus
656,Sim,Milbank,smilbanki7@uiuc.edu,Male,19/04/1984,AF,Ghormach
657,Roxie,Hollindale,rhollindalei8@amazon.de,Female,18/06/1992,CN,Jiulong
658,Heriberto,Fullegar,hfullegari9@dropbox.com,Male,20/12/1997,CN,Jishan
659,Sylvia,Toman,stomania@gizmodo.com,Female,06/06/1957,PE,Granada
660,Barbara,Syson,bsysonib@wufoo.com,Female,15/10/1992,FI,Rautjärvi
661,Uri,Pionter,upionteric@sourceforge.net,Male,20/01/2000,GR,Examília
662,Stevena,Lawther,slawtherid@alexa.com,Female,26/07/1970,CN,Yingta
663,Krysta,Harriman,kharrimanie@netlog.com,Female,03/02/1990,CR,San José
664,Agnella,Phizakarley,aphizakarleyif@shareasale.com,Female,23/11/1957,UA,Dunaivtsi
665,Jorey,Fozzard,jfozzardig@blogspot.com,Female,14/07/1977,CN,Jinglou
666,Ozzy,MacKartan,omackartanih@geocities.com,Male,29/04/1968,ZA,Jansenville
667,Alysia,Wellstood,awellstoodii@woothemes.com,Female,20/03/1991,ID,Bunga Mas
668,Amalea,Dukelow,adukelowij@histats.com,Non-binary,22/07/1965,ZW,Insiza
669,Ced,Spadeck,cspadeckik@vinaora.com,Male,29/08/1962,RU,Zherdevka
670,Wit,Grushin,wgrushinil@smugmug.com,Male,07/08/1972,CN,Yuguan
671,Aimee,Wainscot,awainscotim@odnoklassniki.ru,Female,15/12/1985,CA,Nipawin
672,Jennine,MacCague,jmaccaguein@wufoo.com,Female,20/04/1952,MX,San Jose
673,Adair,Higgen,ahiggenio@twitpic.com,Male,28/05/1981,VN,Thị Trấn Quảng Uyên
674,Em,Bradtke,ebradtkeip@typepad.com,Female,02/12/2002,PT,Catujal Velho
675,Storm,Mapstone,smapstoneiq@house.gov,,,ID,Tempursari Wetan
676,Ericka,Kidson,ekidsonir@examiner.com,Female,14/04/1952,ID,Sukadana
677,Mylo,Patterfield,mpatterfieldis@jiathis.com,,,SE,Rönninge
678,Noland,Bellini,nbelliniit@ihg.com,Agender,28/08/1950,PE,Cojata
679,Suellen,Cusick,scusickiu@paginegialle.it,Female,09/01/1970,US,Boca Raton
680,Felike,Kenworthey,fkenwortheyiv@about.com,,,UZ,Oqtosh
681,Rowney,Healings,rhealingsiw@newsvine.com,Male,09/01/1958,LV,Smārde
682,Vanya,Sircomb,vsircombix@hc360.com,Female,29/01/1958,GR,Patitírion
683,Indira,Gavrieli,igavrieliiy@ca.gov,Genderqueer,06/05/2005,PT,Perosinho
684,Patrica,Simenon,psimenoniz@stanford.edu,Female,26/04/1969,MK,Извор
685,Samuel,Cowser,scowserj0@cargocollective.com,Genderqueer,10/01/1995,PL,Cedynia
686,Noach,Hubberstey,nhubbersteyj1@fastcompany.com,Male,09/08/2010,UA,Vylkove
687,Conant,Ealam,cealamj2@who.int,Male,15/06/1985,RU,Nachalovo
688,Aloysius,Pleasants,apleasantsj3@hc360.com,Male,14/10/1985,MY,Kuching
689,Berne,Wipper,bwipperj4@yahoo.com,,,MK,Ресен
690,Rivalee,Withams,rwithamsj5@independent.co.uk,Female,28/02/1977,BD,Ishurdi
691,Shea,Roderighi,sroderighij6@mysql.com,Female,02/11/1976,BR,Barra do Bugres
692,Earl,Leroux,elerouxj7@addtoany.com,Non-binary,02/04/1988,AS,Fagatogo
693,Valerie,Byham,vbyhamj8@mozilla.com,Female,05/10/1964,PH,Santol
694,Devonna,Tow,dtowj9@gizmodo.com,Female,13/12/1972,FR,Paris 14
695,Ivett,Vasser,ivasserja@toplist.cz,,,BG,Klisura
696,Gustavo,Seary,gsearyjb@nytimes.com,Male,11/04/1974,CN,Xiongzhou
697,Bartolomeo,Areles,barelesjc@desdev.cn,Male,05/08/1980,ID,Gedangan
698,Huntington,Dunsmore,hdunsmorejd@nba.com,Male,23/08/1957,PH,Cagwait
699,Chariot,Meenan,cmeenanje@is.gd,Male,16/06/2010,JP,Kodamachō-kodamaminami
700,Sigrid,Nare,snarejf@independent.co.uk,Female,01/06/1983,AL,Grekan
701,Delora,Figin,dfiginjg@bluehost.com,Female,24/02/1950,JP,Tsuma
702,Kristos,Itzkovsky,kitzkovskyjh@prlog.org,Non-binary,24/10/1966,CZ,Rychnov nad Kněžnou
703,Mayor,Hast,mhastji@indiatimes.com,Male,12/11/1957,MT,Pembroke
704,Fayre,Ludvigsen,fludvigsenjj@hhs.gov,Female,29/08/1988,CN,Lindian
705,Cedric,Hallum,challumjk@salon.com,Male,26/04/1994,CN,Beiyuan
706,Griffie,Medlen,gmedlenjl@fda.gov,Male,12/03/1993,CN,Jinping
707,Josefina,Tetsall,jtetsalljm@jigsy.com,Female,20/11/1976,CN,Guanzhuang
708,Diego,Lukock,dlukockjn@istockphoto.com,Male,05/04/1981,HT,Cornillon
709,Aridatha,Chalfont,,Female,07/08/1965,PL,Jabłoń
710,Brittni,Baterip,bbateripjp@studiopress.com,Female,03/03/1998,ID,Silodakon
711,Carolus,Clayal,cclayaljq@washingtonpost.com,Bigender,17/04/1981,CN,Fangshan
712,Matthiew,Dunning,mdunningjr@yolasite.com,Male,19/09/1975,DE,München
713,Casper,Cantos,ccantosjs@europa.eu,Bigender,08/05/1957,UA,Arbuzynka
714,Ericha,Bollis,ebollisjt@histats.com,Female,12/08/1998,BR,Pitanga
715,Mercie,Lockery,mlockeryju@home.pl,Female,23/01/2006,PH,Ozamiz City
716,Bev,Sample,bsamplejv@mapy.cz,Female,15/04/1965,ZW,Redcliff
717,Eldin,Elegood,eelegoodjw@csmonitor.com,Male,20/07/1999,MT,Haz-Zebbug
718,Madelin,Harwick,mharwickjx@google.es,Female,07/04/2006,PT,Lisboa
719,Karina,Coucher,kcoucherjy@abc.net.au,Female,11/03/2004,FI,Vaasa
720,Bennie,Huyge,bhuygejz@npr.org,Male,24/03/1988,KH,Stung Treng
721,Valentijn,Oldershaw,voldershawk0@wix.com,Male,12/07/2003,MX,Alameda
722,Jody,Ind,jindk1@cbc.ca,Male,07/07/1966,CN,Rouyuan
723,Ludovika,Stockbridge,lstockbridgek2@sitemeter.com,Female,28/02/1982,CN,Lamawan
724,Sibylle,Bown,sbownk3@accuweather.com,Female,01/03/1999,ID,Maundai
725,Wittie,Kassel,wkasselk4@discovery.com,Male,23/06/1951,CN,Guazhou
726,Iosep,Cluer,icluerk5@dailymotion.com,,,SN,Thiès Nones
727,Emilio,Yashanov,eyashanovk6@wisc.edu,Male,04/06/1977,UA,Storozhnytsya
728,Paige,Petruska,ppetruskak7@sciencedaily.com,Male,04/11/2009,PS,Al Fandaqūmīyah
729,Siffre,Hitcham,shitchamk8@usgs.gov,Male,28/03/2010,QA,Umm Şalāl ‘Alī
730,Theodora,Sicily,tsicilyk9@diigo.com,Female,10/11/1971,VN,Quỳ Châu
731,Jeanne,Philippsohn,jphilippsohnka@dot.gov,Non-binary,05/06/1987,RE,Saint-Pierre
732,Alika,Trembley,atrembleykb@prlog.org,Female,04/10/1979,CA,Ucluelet
733,Den,Bewshaw,dbewshawkc@jugem.jp,Male,14/10/1979,RU,Lazarevskoye
734,Cheryl,Higford,chigfordkd@imgur.com,Non-binary,10/12/1996,RU,Rodnikovskaya
735,Carr,Klauber,cklauberke@vinaora.com,Male,27/10/1960,BF,Bobo-Dioulasso
736,Duke,Merrigan,dmerrigankf@yellowbook.com,Male,05/07/1982,FR,Paris 17
737,Nikolos,Thecham,nthechamkg@dailymotion.com,Bigender,25/09/1995,PL,Trzcinica
738,Dall,Carpmile,,Male,02/02/1957,RU,Gornyy
739,Lennard,Belvin,lbelvinki@china.com.cn,Polygender,09/06/1992,PH,Santa Lucia
740,Ardith,Adney,aadneykj@google.ru,Female,11/05/1956,CN,Maodao
741,Darleen,Fowle,dfowlekk@myspace.com,Female,01/07/2010,BW,Sebina
742,Dinny,Kike,dkikekl@wired.com,Female,06/10/1991,CN,Zhendu
743,Tuckie,Cleugher,tcleugherkm@shinystat.com,Male,09/12/1960,BD,Thākurgaon
744,Morgen,Campos,mcamposkn@webs.com,,,AR,Río Colorado
745,Perkin,Dorsey,pdorseyko@over-blog.com,,,ID,Mambi
746,Shelby,Jaulme,sjaulmekp@issuu.com,Male,07/09/1960,PL,Tuchomie
747,Paulie,Bannister,pbannisterkq@admin.ch,Genderqueer,15/03/1984,ID,Cibeureum
748,Morse,Meads,mmeadskr@indiegogo.com,Male,15/02/1969,SR,Totness
749,Bern,Abbets,babbetsks@cnn.com,Male,06/05/1992,US,Jamaica
750,Mal,Hallowell,mhallowellkt@aboutads.info,Male,03/06/1977,MA,Abadou
751,Wilt,Berkley,wberkleyku@163.com,Male,17/05/1953,CN,Huimin
752,Manuel,Hackley,mhackleykv@digg.com,,,MX,San Jose
753,Raf,Newbegin,rnewbeginkw@photobucket.com,Female,25/06/1983,ID,Cibunar
754,Bernadene,Bourdas,bbourdaskx@squidoo.com,Female,14/11/1986,SZ,Tshaneni
755,Pamelina,Fairley,pfairleyky@whitehouse.gov,Female,14/07/2009,AR,San Lorenzo
756,Carola,Pimmocke,cpimmockekz@spiegel.de,Female,31/08/1964,JP,Kurashiki
757,Alisander,Hobell,ahobelll0@macromedia.com,Male,07/01/1951,AL,Roshnik
758,Alanson,Paladino,apaladinol1@qq.com,Genderfluid,11/07/1968,TH,Si Bun Rueang
759,Kassi,Rembrant,krembrantl2@ow.ly,Female,07/10/2008,DO,Salcedo
760,Sonia,Gero,sgerol3@gnu.org,Female,02/03/1991,CN,Yajiang
761,Natale,Kean,nkeanl4@patch.com,Male,12/11/1966,BR,Jaguariúna
762,Torr,Leng,tlengl5@umich.edu,Male,20/07/1980,PH,New Washington
763,Rutledge,Lowbridge,rlowbridgel6@phpbb.com,Male,14/06/1993,SE,Uppsala
764,Siusan,Anderl,sanderll7@senate.gov,Female,21/10/1969,CN,Tingqian
765,Fabian,Devin,fdevinl8@ameblo.jp,Male,08/03/1957,VE,Bailadores
766,Olivero,Colbert,ocolbertl9@soup.io,Male,01/04/2008,GE,Ozurgeti
767,Jessie,Tiddeman,jtiddemanla@ebay.co.uk,Genderqueer,03/10/1985,FR,Paris 13
768,Gerta,Egiloff,gegilofflb@nsw.gov.au,Female,20/05/2008,PH,Cafe
769,Miguelita,Crut,mcrutlc@deliciousdays.com,,,PH,Besao
770,Charmion,Deveraux,,Female,20/06/2001,PH,Quezon
771,Eugen,Readhead,ereadheadle@sphinn.com,Male,03/08/1959,CN,Xinzhai
772,Gerhardine,Hazelgreave,ghazelgreavelf@jiathis.com,Polygender,05/04/1993,CN,Gaojimiao
773,Barbra,Derrington,bderringtonlg@google.co.uk,Female,06/11/1988,CN,Hantai
774,Tandie,Lacroutz,tlacroutzlh@google.es,Female,24/09/1961,ID,Cikalong
775,Palmer,McGinly,pmcginlyli@examiner.com,Male,17/10/1985,SE,Bandhagen
776,Tabbatha,Anstead,tansteadlj@surveymonkey.com,Female,19/10/1979,CN,Shangma
777,Cleveland,Gianotti,cgianottilk@nydailynews.com,,,SE,Simrishamn
778,Eleanor,Kippie,ekippiell@google.co.uk,,,HN,El Olivar
779,Elliot,Morrott,emorrottlm@quantcast.com,Male,16/04/1966,ID,Oenopu
780,Vivianna,Bourcq,vbourcqln@1und1.de,Female,14/06/1974,BR,Quixadá
781,Dennis,Harris,dharrislo@liveinternet.ru,Male,11/03/1993,GW,Cacheu
782,Gilbert,Enticott,genticottlp@godaddy.com,Male,05/12/1958,PH,Salogon
783,Fairlie,Durram,fdurramlq@usatoday.com,Male,30/12/1993,CA,Chilliwack
784,Padgett,Tomas,,Male,23/04/1950,MY,Petaling Jaya
785,Sheeree,Strelitzki,sstrelitzkils@addtoany.com,Female,23/10/1980,MG,Ambatolampy
786,Randall,Pelosi,rpelosilt@sakura.ne.jp,Male,06/01/1980,AF,Āsmār
787,Odelinda,Pegrum,opegrumlu@walmart.com,Female,27/03/1982,PH,Aurora
788,Agnella,Parchment,aparchmentlv@geocities.com,Female,08/11/1957,PH,Bateria
789,Myrta,von Nassau,mvonnassaulw@mtv.com,Female,02/08/1989,US,Springfield
790,Greg,Gibbie,ggibbielx@simplemachines.org,Male,16/09/1978,CN,Zaozhuang
791,Noble,Grinter,ngrinterly@berkeley.edu,Male,25/12/1989,MX,Buenavista
792,Dougie,Scardafield,dscardafieldlz@craigslist.org,,,MA,Aknoul
793,Tymothy,Arnli,tarnlim0@ucoz.ru,Male,04/11/1953,TN,Dar Chabanne
794,Trumaine,Pill,tpillm1@nps.gov,Male,22/08/1959,CA,Barrie
795,Thurston,Oldridge,toldridgem2@digg.com,Male,05/02/1968,GB,Milton
796,Siward,Franken,sfrankenm3@symantec.com,Male,10/11/1950,MX,Las Palmas
797,Danyelle,Hattoe,dhattoem4@dropbox.com,Female,18/03/1957,UA,Tsarychanka
798,Bernete,Granham,,Female,15/05/1969,UA,Nuyno
799,Demetris,Olliffe,dolliffem6@wiley.com,Male,10/09/1998,RU,Bugul’ma
800,Vincent,Dronsfield,vdronsfieldm7@ted.com,Male,05/10/1985,CN,Pianling
801,Winny,Loveredge,wloveredgem8@storify.com,Female,24/07/1956,FI,Lestijärvi
802,Olwen,Tommis,otommism9@geocities.com,Female,18/05/1986,BR,Iporã
803,Purcell,Sansum,psansumma@homestead.com,Polygender,19/08/1974,ID,Tuanai
804,Germaine,Foystone,gfoystonemb@sun.com,Male,01/04/1996,CN,Zuocun
805,Cornie,Micka,cmickamc@phpbb.com,Genderfluid,15/06/1979,RU,Inya
806,Brooke,De Blasiis,bdeblasiismd@discuz.net,Female,09/08/1974,KP,Hyesan-si
807,Kendall,Palister,kpalisterme@msn.com,,,PE,Mamara
808,Marlane,Fey,mfeymf@miitbeian.gov.cn,Female,16/05/1959,BY,Slutsk
809,Henrik,Annion,hannionmg@so-net.ne.jp,Male,04/07/1979,CN,Yancheng
810,Tabbatha,Singleton,tsingletonmh@blog.com,Female,24/09/1985,BR,Porciúncula
811,Val,Skeeles,vskeelesmi@apple.com,Female,03/10/1974,PH,Claveria
812,Garner,Crittal,gcrittalmj@pbs.org,Male,10/11/1996,ID,Krebetkrajan
813,Marissa,Mingus,mmingusmk@google.com,Female,11/06/1979,GT,Asunción Mita
814,Skye,Grayham,sgrayhamml@csmonitor.com,Male,06/09/2004,PH,Limon
815,Cory,Tatershall,ctatershallmm@surveymonkey.com,Female,04/04/2009,JP,Mizunami
816,Haskell,Jirousek,hjirousekmn@blogtalkradio.com,Male,12/02/1988,BD,Nowlamary
817,Bathsheba,Roderham,broderhammo@github.com,Female,05/07/1994,US,Jacksonville
818,Donavon,Seymour,dseymourmp@tripod.com,Male,03/10/1964,UA,Chemerivtsi
819,Sergeant,Gullen,sgullenmq@auda.org.au,Male,28/07/1979,FR,Tournan-en-Brie
820,Toddy,Govini,tgovinimr@symantec.com,Male,25/04/1988,BR,Vacaria
821,Damiano,Harry,dharryms@dagondesign.com,Agender,29/07/1983,BR,Guajará Mirim
822,Hillary,Vennard,hvennardmt@bravesites.com,Female,17/07/1962,ID,Batubantar
823,Sari,Lafay,slafaymu@stumbleupon.com,Genderfluid,17/08/2001,SE,Skinnskatteberg
824,Antoine,Valance,avalancemv@si.edu,Male,27/10/1967,UA,Pniv
825,See,Loadman,sloadmanmw@webeden.co.uk,Male,06/03/1977,CA,Saint-Lin-Laurentides
826,Kris,Garlic,kgarlicmx@live.com,Female,16/08/1954,BR,Capão da Canoa
827,Cate,Avramovitz,cavramovitzmy@blog.com,Female,18/12/1970,ID,Hampang
828,Falito,Blakiston,fblakistonmz@squarespace.com,Male,06/07/1991,AL,Bërxull
829,Sheffield,Jeannaud,sjeannaudn0@cargocollective.com,Male,22/05/1996,BR,Quixeramobim
830,Erica,Cahalan,ecahalann1@blogtalkradio.com,Female,01/03/1977,MX,Los Pinos
831,Roxana,Dowdney,rdowdneyn2@e-recht24.de,Female,04/12/1989,BR,Irati
832,Jenna,Styles,jstylesn3@free.fr,Female,17/12/1987,TH,Khueang Nai
833,Michel,Newbery,mnewberyn4@dyndns.org,Female,03/11/1985,IQ,Al Mawşil al Jadīdah
834,Fiann,Edeson,fedesonn5@example.com,Female,01/04/1955,TH,Si Racha
835,Englebert,Toopin,etoopinn6@webmd.com,Male,06/09/1966,PL,Tylicz
836,Gardner,Tremoulet,gtremouletn7@bing.com,Male,30/03/2009,GR,Dhrosiá
837,Yettie,Ughelli,yughellin8@cbsnews.com,Female,18/11/1983,ID,Sangoleng
838,Jaclin,Ketley,jketleyn9@histats.com,Genderqueer,13/10/1955,CN,Hepingjie
839,Dennie,Doggerell,ddoggerellna@nps.gov,Female,10/07/1993,CN,Maofan
840,Leontyne,Burree,lburreenb@dyndns.org,Female,10/11/1966,CY,Protaras
841,Kerwinn,Linggood,,Male,10/06/1954,PT,Casalinho
842,Tarra,Renny,trennynd@fda.gov,,,PH,Kanluran
843,Madeline,Du Hamel,mduhamelne@t.co,Female,22/08/1960,CN,Boshi
844,Candide,Tison,ctisonnf@statcounter.com,Female,30/12/2008,BR,Ipatinga
845,Gil,Santino,gsantinong@icio.us,Male,12/08/2005,RU,Neyvo-Rudyanka
846,Warren,Dewdeny,wdewdenynh@mayoclinic.com,Male,24/11/1950,CN,Linggou
847,Enrica,Trout,etroutni@yelp.com,Female,30/04/1953,AS,Mapusagafou
848,Olivie,McEvoy,omcevoynj@admin.ch,Female,02/12/1955,DO,Las Matas de Farfán
849,Keefer,Jarmain,kjarmainnk@tuttocitta.it,Male,10/05/1995,SE,Tyringe
850,Annette,Lafontaine,alafontainenl@webnode.com,Female,19/12/2004,ID,Anggana
851,Flin,Itzakson,fitzaksonnm@businessinsider.com,Male,10/08/2005,PT,Monte da Pedra
852,Cori,Inglesant,cinglesantnn@mlb.com,Male,21/05/2003,EG,Al Maḩallah al Kubrá
853,Claiborn,Fetherstan,cfetherstanno@prnewswire.com,Male,01/05/1955,AR,San José de Feliciano
854,Violante,Merriton,vmerritonnp@dmoz.org,Female,31/10/2004,GR,Arnaía
855,Fons,Mougenel,fmougenelnq@redcross.org,Male,25/10/1963,GH,Mampong
856,Rosemarie,Slaney,rslaneynr@etsy.com,Female,15/12/1963,CN,Hangbu
857,Marilin,Brierly,mbrierlyns@creativecommons.org,Female,25/06/1995,RU,Glinka
858,Kitti,Grimditch,kgrimditchnt@infoseek.co.jp,Female,01/03/1961,CN,Tungdor
859,Ludovika,Hanlin,lhanlinnu@miitbeian.gov.cn,Female,09/06/1959,RS,Inđija
860,Atlante,Windebank,awindebanknv@state.tx.us,Female,22/09/1975,PE,Sicaya
861,Mace,Hindrich,mhindrichnw@europa.eu,Male,28/08/1975,PK,Rustam jo Goth
862,Hebert,Bidwell,hbidwellnx@youtu.be,Male,18/06/1996,FR,Montpellier
863,Holly-anne,Scragg,hscraggny@clickbank.net,,,MM,Letpandan
864,Halsy,Ilive,hilivenz@oracle.com,,,HN,San Nicolás
865,Candide,Friedank,cfriedanko0@xinhuanet.com,Female,27/10/1957,NZ,Takanini
866,Leshia,Dairton,ldairtono1@goodreads.com,Female,17/11/1970,CN,Qiaodi
867,Kamillah,Jacquet,kjacqueto2@netscape.com,,,RU,Mayrtup
868,Lulu,Tooher,ltoohero3@hibu.com,Female,19/04/1961,RU,Gordeyevka
869,Sib,Escofier,sescofiero4@gov.uk,Female,09/10/2005,CN,Ningyang
870,Hinze,Moncreif,hmoncreifo5@hugedomains.com,Male,26/06/1951,MY,Butterworth
871,Eloise,Keme,ekemeo6@unicef.org,Female,12/06/1988,RU,Divnoye
872,Skippie,Poate,spoateo7@rediff.com,Male,20/08/1968,ID,Muraharjo
873,Flin,Turfes,fturfeso8@multiply.com,,,CN,Shangmachang
874,Bailey,Jozwik,bjozwiko9@plala.or.jp,Male,27/01/1963,BR,Barreirinhas
875,Keene,Fitzmaurice,kfitzmauriceoa@ustream.tv,Male,03/03/1992,BR,Ipatinga
876,Georgetta,Mill,gmillob@redcross.org,Genderfluid,21/08/1979,PH,Agbannawag
877,Cori,McCome,cmccomeoc@amazon.co.uk,Female,12/08/2008,PT,Rio de Moinhos
878,Manolo,Greeding,mgreedingod@shutterfly.com,Male,10/01/2001,GR,Manolás
879,Irving,Windley,,Male,04/03/1956,FR,Wasquehal
880,Agnese,De Lorenzo,adelorenzoof@rambler.ru,Female,26/09/1982,AR,Chavarría
881,Marchall,Stuckey,mstuckeyog@nsw.gov.au,Male,19/10/1979,CN,Ningtang
882,Zoe,Dreakin,zdreakinoh@who.int,Female,22/08/1963,ES,Murcia
883,Ricky,Escale,rescaleoi@theatlantic.com,Female,22/04/1981,ID,Ciganaria
884,Doralynn,Kanzler,dkanzleroj@posterous.com,Female,14/02/1991,PL,Popielów
885,Aeriela,Foulstone,afoulstoneok@reverbnation.com,Female,14/10/1955,RU,Porkhov
886,Gal,Gerrens,ggerrensol@techcrunch.com,Agender,09/05/1995,ID,Pangalangan
887,Cull,Condell,ccondellom@newsvine.com,Male,12/08/1987,CN,Hualingang
888,Pamella,Windrus,pwindruson@scientificamerican.com,Genderfluid,18/05/1950,CN,Tongren
889,Frederigo,Meadus,fmeadusoo@bloomberg.com,Male,06/03/1971,CN,Nangxian
890,Gerri,Faraker,gfarakerop@psu.edu,Male,25/06/1950,ID,Sumberpucung
891,Giovanni,Stephenson,gstephensonoq@virginia.edu,Male,24/06/2006,FR,Paris La Défense
892,Gav,Hazeman,ghazemanor@icq.com,Male,02/12/1977,TH,Wiphawadi
893,Kienan,Bealton,kbealtonos@xinhuanet.com,,,PL,Skrzydlna
894,Frank,Shawel,fshawelot@ocn.ne.jp,Female,04/12/1969,CN,Shanghang
895,Kennith,Beloe,kbeloeou@smugmug.com,Male,12/03/2005,BR,Carmo do Paranaíba
896,Conchita,Coneley,cconeleyov@hexun.com,Non-binary,31/12/1976,CN,Diaoling
897,Dugald,Priddey,dpriddeyow@odnoklassniki.ru,Male,14/01/1982,ID,Kopral
898,Lanni,Bonnyson,lbonnysonox@exblog.jp,Female,14/04/1994,RU,Tyazhinskiy
899,Val,Alexsandrovich,valexsandrovichoy@oracle.com,Female,08/09/1982,KP,Samho-rodongjagu
900,Aarika,Trittam,atrittamoz@cargocollective.com,Female,23/09/1961,CU,Cerro
901,Kipp,Ablett,,Male,10/02/1995,RU,Lyalichi
902,Albrecht,Mahy,amahyp1@merriam-webster.com,Male,25/02/1998,VE,San Pablo
903,Bruis,Van de Velde,bvandeveldep2@usatoday.com,Male,21/05/1957,SE,Stockholm
904,Bing,Akid,bakidp3@ftc.gov,Male,27/10/2007,GR,Sérifos
905,Kellen,Voff,kvoffp4@godaddy.com,Female,09/12/2005,UA,Sutysky
906,Michell,Haps,mhapsp5@admin.ch,Agender,12/06/1976,JP,Kan’onjichō
907,Marten,Haughian,mhaughianp6@networkadvertising.org,Male,15/07/2000,GR,Pigí
908,Lisa,McElhinney,lmcelhinneyp7@sun.com,Female,06/03/1985,PL,Mętków
909,Pavia,Fligg,pfliggp8@springer.com,Female,04/05/1972,CO,La Dorada
910,Reid,Bradick,rbradickp9@wired.com,Male,19/05/1997,JP,Wako
911,Carlina,Alford,calfordpa@cbc.ca,,,FR,Alençon
912,Wilhelm,MacKall,wmackallpb@hhs.gov,Male,05/03/1991,CN,Honglai
913,Suzy,Stocks,sstockspc@bbb.org,Female,11/07/1979,CN,Jiangwakou
914,Addison,Beldham,abeldhampd@vimeo.com,Male,11/08/1991,ID,Kertasari
915,Alard,Cuddon,acuddonpe@sciencedirect.com,,,ID,Klakeh
916,Pegeen,Brendeke,pbrendekepf@ning.com,Female,23/05/1981,PT,Quintães
917,Baillie,Carle,bcarlepg@squidoo.com,Male,13/09/1972,UA,Staryy Sambor
918,Simona,Silverman,ssilvermanph@freewebs.com,,,CN,Dawu
919,Dasya,Humphrey,dhumphreypi@toplist.cz,Female,25/06/1989,ID,Kadubamban
920,Kathrine,Lejeune,klejeunepj@sina.com.cn,Female,07/10/1960,MY,Labuan
921,Nikki,Kubasek,nkubasekpk@goo.gl,Male,04/12/1951,CZ,Hošťka
922,Doralynn,Woolner,dwoolnerpl@csmonitor.com,Female,22/03/1955,BR,Contagem
923,Trevor,Toderi,ttoderipm@google.de,Male,11/07/2005,PH,Capissayan Sur
924,Jermain,Ledram,jledrampn@google.pl,Male,24/09/1975,US,Baltimore
925,Vale,Kesterton,vkestertonpo@cnet.com,Male,06/11/1957,CN,Ningxin
926,Bondy,Birkenhead,bbirkenheadpp@vinaora.com,,,AR,Ciervo Petiso
927,Anestassia,Howle,ahowlepq@github.io,Female,18/08/1983,MA,Tissa
928,Gianni,Wookey,gwookeypr@hhs.gov,Male,26/04/2010,LK,Homagama
929,Johnathan,Benedtti,jbenedttips@washingtonpost.com,Male,10/03/1984,ID,Sumuran
930,Brigg,Bickerdicke,bbickerdickept@hud.gov,Male,19/07/1972,MY,Ipoh
931,Vernen,Elsegood,velsegoodpu@nyu.edu,Male,17/03/1977,RU,Leninogorsk
932,Ber,Voller,bvollerpv@booking.com,Male,18/12/1963,UZ,Yangi-Nishon Shahri
933,Karlens,Moberley,kmoberleypw@mapquest.com,,,YE,Sāh
934,Marcy,Howlett,,Female,27/04/2008,US,Newark
935,Ethelyn,Pow,epowpy@github.io,Female,14/08/2005,PT,Mondim de Basto
936,Morey,Roskeilly,mroskeillypz@hp.com,Male,06/09/1987,GR,Palaiópyrgos
937,Malchy,Groven,mgrovenq0@furl.net,Male,05/03/2009,ID,Kotablolong
938,Uta,Garment,ugarmentq1@harvard.edu,Female,24/06/1996,FR,Paris 19
939,Beilul,Lequeux,blequeuxq2@apache.org,Female,05/06/1976,CN,Shimiaozi
940,Georgie,L'Hommee,glhommeeq3@abc.net.au,Male,30/03/2002,JP,Miyoshi
941,Dorree,Devonshire,ddevonshireq4@state.gov,Female,08/01/2007,ZA,Cullinan
942,Gene,Drewson,gdrewsonq5@blogtalkradio.com,Male,23/12/1986,ID,Lawesigalagala Timur
943,Adella,Lyvon,alyvonq6@auda.org.au,Genderqueer,02/12/2003,BR,Pimenta Bueno
944,Herby,O'Hannigan,hohanniganq7@reference.com,Male,18/01/2010,ID,Penambangan
945,Juli,Walburn,jwalburnq8@hugedomains.com,Non-binary,18/06/1973,FR,Chartres
946,Brooke,Rooksby,,Male,23/04/1953,US,Asheville
947,Sheilakathryn,Sabater,ssabaterqa@epa.gov,Agender,16/08/2003,CN,Huangshanguan
948,Wernher,Cropton,wcroptonqb@addtoany.com,Male,12/12/1969,IR,Varāmīn
949,Chucho,Budgey,cbudgeyqc@yolasite.com,Male,17/05/1974,CO,Norcasia
950,Ranice,Asken,raskenqd@reference.com,Female,20/05/1989,RU,Valerik
951,Carrol,Feltham,cfelthamqe@netlog.com,Male,02/03/1981,CN,Ningde
952,Gian,Putnam,gputnamqf@drupal.org,Male,05/10/1956,CN,Niandui
953,Suzanna,Vasiltsov,svasiltsovqg@bloomberg.com,Female,26/01/2010,MQ,Fort-de-France
954,Rowe,Rudkin,rrudkinqh@va.gov,Female,31/05/1989,BY,Lahishyn
955,Syman,Godmar,sgodmarqi@sbwire.com,Male,01/02/1954,JP,Niimi
956,Klaus,Chislett,kchislettqj@wiley.com,Male,24/12/1970,PT,Faro
957,Artair,Di Antonio,adiantonioqk@walmart.com,Male,25/06/1965,PH,Tiglauigan
958,Georgianna,Ainsworth,gainsworthql@ucla.edu,Female,07/04/1972,MA,Tafraout
959,Nicole,Stennet,nstennetqm@bigcartel.com,Female,16/03/1955,PH,Banocboc
960,Patsy,Caulwell,pcaulwellqn@msu.edu,Female,22/08/1989,MX,Independencia
961,Wang,Swannell,wswannellqo@google.co.jp,Male,16/07/2000,RU,Plavsk
962,Dickie,Weildish,dweildishqp@scribd.com,Male,12/12/1984,PT,Alverca do Ribatejo
963,Che,Farra,cfarraqq@spotify.com,Male,20/06/2000,US,Lansing
964,Winslow,Kreutzer,wkreutzerqr@comcast.net,Male,12/04/2006,MK,Skopje
965,Chase,Bonhan,cbonhanqs@un.org,Male,08/12/1988,CN,Dasha
966,Shea,Attyeo,sattyeoqt@diigo.com,,,PH,Maguyam
967,Frayda,Sail,fsailqu@tmall.com,Female,15/04/1962,CN,Huangzhuang
968,Tracy,Greasty,tgreastyqv@auda.org.au,Male,24/12/1979,ID,Cimalati
969,Bevon,Beyne,bbeyneqw@indiegogo.com,Male,27/04/1958,OM,Shināş
970,Koralle,Mandifield,kmandifieldqx@nymag.com,Female,14/07/1952,CN,Lixin
971,Nathanael,Leppard,nleppardqy@yelp.com,Male,26/11/1996,PE,Licupis
972,Hilton,Houlahan,hhoulahanqz@blog.com,Male,30/04/1962,CO,Matanza
973,Cary,Bolliver,cbolliverr0@topsy.com,,,PY,Doctor Juan León Mallorquín
974,Aldwin,MacCallester,amaccallesterr1@xing.com,Male,09/08/1996,ID,Tenggong
975,Consolata,Forstall,cforstallr2@ning.com,Female,23/03/1970,CN,Nanzhang Chengguanzhen
976,Maurie,Omar,momarr3@cbslocal.com,Polygender,20/12/1957,ID,Manokwari
977,Hamlen,Lewinton,hlewintonr4@squarespace.com,Male,04/04/2010,PL,Kętrzyn
978,Celestyn,Sivewright,csivewrightr5@google.cn,Female,18/10/1973,PH,Lumbatan
979,Padraig,Tripe,ptriper6@google.com.br,,,PL,Trzcinica
980,Nil,Uzelli,nuzellir7@oaic.gov.au,Male,19/04/1991,UA,Kotsyubyns’ke
981,Pat,Gagan,pgaganr8@wikimedia.org,Non-binary,10/01/1963,ID,Kiaranonggeng
982,Gussie,M'Chirrie,gmchirrier9@ameblo.jp,Female,06/11/1993,SE,Svenljunga
983,Jacqui,Storks,jstorksra@nyu.edu,Female,31/07/2003,US,Nashville
984,Nancee,McKmurrie,nmckmurrierb@admin.ch,Bigender,04/03/1978,BG,Kotel
985,Yasmeen,Sidey,ysideyrc@icq.com,Female,10/04/1991,PL,Długosiodło
986,Alasdair,Ewbanck,aewbanckrd@japanpost.jp,Male,07/07/1962,FR,Saint-Jouan-des-Guérets
987,Eyde,Dunsmuir,edunsmuirre@state.gov,Polygender,17/10/2002,UA,Shyroke
988,Maria,Dunnan,mdunnanrf@people.com.cn,Female,20/03/1979,BR,Tucumã
989,Woodrow,Merriday,wmerridayrg@altervista.org,Male,23/06/1978,US,Colorado Springs
990,Orsa,Bony,obonyrh@latimes.com,Female,04/09/1989,VN,Phú Vang
991,Haslett,Biddiss,hbiddissri@booking.com,Male,14/04/1997,ID,Parigi
992,Elbert,Dealtry,edealtryrj@ihg.com,Polygender,17/03/1972,RU,Leninsk
993,Timofei,Slocumb,tslocumbrk@artisteer.com,Male,31/12/1980,VN,Kinh Môn
994,Layne,Kunc,lkuncrl@rambler.ru,Female,07/06/1985,PH,Boljoon
995,Loren,Loakes,lloakesrm@who.int,Genderqueer,02/03/1985,PA,Palmira
996,Claudetta,Pennacci,cpennaccirn@wiley.com,Female,18/04/2006,JP,Ōsaka-shi
997,Krystle,Manifield,kmanifieldro@wordpress.org,Female,02/12/1965,YE,‘Ubāl
998,Eldredge,Downton,edowntonrp@comcast.net,Male,19/02/1973,BY,Aktsyabrski
999,Evonne,Bilborough,ebilboroughrq@nasa.gov,Female,11/08/1966,CN,Heicheng
1000,Hannie,Coltherd,hcoltherdrr@aboutads.info,,,IR,Nīkshahr
